-- MySQL dump 10.11
--
-- Host: localhost    Database: adonais_codecomm
-- ------------------------------------------------------
-- Server version	5.0.67-community

/*!40101 SET @OLD_CHARACTER_SET_CLIENT=@@CHARACTER_SET_CLIENT */;
/*!40101 SET @OLD_CHARACTER_SET_RESULTS=@@CHARACTER_SET_RESULTS */;
/*!40101 SET @OLD_COLLATION_CONNECTION=@@COLLATION_CONNECTION */;
/*!40101 SET NAMES utf8 */;
/*!40103 SET @OLD_TIME_ZONE=@@TIME_ZONE */;
/*!40103 SET TIME_ZONE='+00:00' */;
/*!40014 SET @OLD_UNIQUE_CHECKS=@@UNIQUE_CHECKS, UNIQUE_CHECKS=0 */;
/*!40014 SET @OLD_FOREIGN_KEY_CHECKS=@@FOREIGN_KEY_CHECKS, FOREIGN_KEY_CHECKS=0 */;
/*!40101 SET @OLD_SQL_MODE=@@SQL_MODE, SQL_MODE='NO_AUTO_VALUE_ON_ZERO' */;
/*!40111 SET @OLD_SQL_NOTES=@@SQL_NOTES, SQL_NOTES=0 */;

USE codecomm;

--
-- Table structure for table `CCategoria`
--

DROP TABLE IF EXISTS `CCategoria`;
SET @saved_cs_client     = @@character_set_client;
SET character_set_client = utf8;
CREATE TABLE `CCategoria` (
  `id_cat` int(11) NOT NULL auto_increment,
  `nom_cat` varchar(255) NOT NULL,
  `des_cat` varchar(255) NOT NULL,
  `img_cat` varchar(255) default NULL,
  PRIMARY KEY  (`id_cat`)
) ENGINE=MyISAM AUTO_INCREMENT=7 DEFAULT CHARSET=utf8;
SET character_set_client = @saved_cs_client;

--
-- Dumping data for table `CCategoria`
--

LOCK TABLES `CCategoria` WRITE;
/*!40000 ALTER TABLE `CCategoria` DISABLE KEYS */;
INSERT INTO `CCategoria` VALUES (5,'Acad&eacute;micos','Descripcion',NULL),(4,'Programaci&oacute;n','Descripcion',NULL),(3,'Internet','Descripcion',NULL),(2,'OS','Descripcion',NULL),(1,'CodeComm','Descripcion',NULL),(6,'Entretenimiento','Descripcion',NULL);
/*!40000 ALTER TABLE `CCategoria` ENABLE KEYS */;
UNLOCK TABLES;

--
-- Table structure for table `CDominio`
--

DROP TABLE IF EXISTS `CDominio`;
SET @saved_cs_client     = @@character_set_client;
SET character_set_client = utf8;
CREATE TABLE `CDominio` (
  `id_dom` int(11) NOT NULL,
  `nom_dom` varchar(254) NOT NULL,
  PRIMARY KEY  (`id_dom`)
) ENGINE=MyISAM DEFAULT CHARSET=utf8;
SET character_set_client = @saved_cs_client;

--
-- Dumping data for table `CDominio`
--

LOCK TABLES `CDominio` WRITE;
/*!40000 ALTER TABLE `CDominio` DISABLE KEYS */;
INSERT INTO `CDominio` VALUES (1,'@hotmail.com'),(2,'@yahoo.com'),(3,'@gmail.com'),(4,'@terra.com'),(5,'@ipn.mx'),(6,'@live.com'),(7,'@live.com.mx');
/*!40000 ALTER TABLE `CDominio` ENABLE KEYS */;
UNLOCK TABLES;

--
-- Table structure for table `CPais`
--

DROP TABLE IF EXISTS `CPais`;
SET @saved_cs_client     = @@character_set_client;
SET character_set_client = utf8;
CREATE TABLE `CPais` (
  `id_pais` char(2) NOT NULL,
  `nom_pais` varchar(30) default NULL,
  PRIMARY KEY  (`id_pais`)
) ENGINE=MyISAM DEFAULT CHARSET=utf8;
SET character_set_client = @saved_cs_client;

--
-- Dumping data for table `CPais`
--

LOCK TABLES `CPais` WRITE;
/*!40000 ALTER TABLE `CPais` DISABLE KEYS */;
INSERT INTO `CPais` VALUES ('AL','Albania'),('DE','Alemania'),('AD','Andorra'),('AO','Angola'),('AI','Anguila'),('AG','Antigua y Barbuda'),('AN','Antillas Holandesas'),('SA','Arabia Saud&iacute;'),('DZ','Argelia'),('AR','Argentina'),('AM','Armenia'),('AW','Aruba'),('AU','Australia'),('AT','Austria'),('BS','Bahamas'),('BH','Bahr&eacute;in'),('BB','Barbados'),('BE','B&eacute;lgica'),('BZ','Belice'),('BJ','Ben&iacute;n'),('BM','Bermudas'),('BT','Bhut&aacute;n'),('BO','Bolivia'),('BA','Bosnia y Herzegovina'),('BW','Botsuana'),('BR','Brasil'),('BN','Brun&eacute;i'),('BG','Bulgaria'),('BF','Burkina Faso'),('BI','Burundi'),('CV','Cabo Verde'),('KH','Camboya'),('CA','Canad&aacute;'),('TD','Chad'),('CL','Chile'),('C2','China'),('CY','Chipre'),('VA','Ciudad del Vaticano'),('CO','Colombia'),('KM','Comoras'),('KR','Corea del Sur'),('CR','Costa Rica'),('HR','Croacia'),('DK','Dinamarca'),('DM','Dominica'),('EC','Ecuador'),('SV','El Salvador'),('AE','Emiratos &Aacute;rabes Unidos'),('ER','Eritrea'),('SK','Eslovaquia'),('SI','Eslovenia'),('ES','Espa'),('FM','Estados Federados de Micronesi'),('US','Estados Unidos'),('EE','Estonia'),('ET','Etiop&iacute;a'),('PH','Filipinas'),('FI','Finlandia'),('FJ','Fiyi'),('FR','Francia'),('GM','Gambia'),('GI','Gibraltar'),('GD','Granada'),('GR','Grecia'),('GL','Groenlandia'),('GP','Guadalupe'),('GT','Guatemala'),('GF','Guayana Francesa'),('GN','Guinea'),('GW','Guinea-Bissau'),('GY','Guyana'),('HN','Honduras'),('HK','Hong Kong'),('HU','Hungr&iacute;a'),('IN','India'),('ID','Indonesia'),('IE','Irlanda'),('NF','Isla Norfolk'),('IS','Islandia'),('KY','Islas Caim&aacute;n'),('CK','Islas Cook'),('FO','Islas Feroe'),('FK','Islas Malvinas'),('MH','Islas Marshall'),('PN','Islas Pitcairn'),('SB','Islas Salom&oacute;n'),('TC','Islas Turcas y Caicos'),('VG','Islas V&iacute;rgenes Brit&aac'),('IL','Israel'),('IT','Italia'),('JM','Jamaica'),('JP','Jap&oacute;n'),('JO','Jordania'),('KZ','Kazajst&aacute;n'),('KE','Kenia'),('KG','Kirguist&aacute;n'),('KI','Kiribati'),('KW','Kuwait'),('LA','Laos'),('LS','Lesotho'),('LV','Letonia'),('LI','Liechtenstein'),('LT','Lituania'),('LU','Luxemburgo'),('MG','Madagascar'),('MY','Malasia'),('MW','Malawi'),('MV','Maldivas'),('ML','Mal&iacute;'),('MT','Malta'),('MA','Marruecos'),('MQ','Martinica'),('MU','Mauricio'),('MR','Mauritania'),('YT','Mayotte'),('MX','M&eacute;xico'),('MN','Mongolia'),('MS','Montserrat'),('MZ','Mozambique'),('NA','Namibia'),('NR','Nauru'),('NP','Nepal'),('NI','Nicaragua'),('NE','N&iacute;ger'),('NU','Niue'),('NO','Noruega'),('NC','Nueva Caledonia'),('NZ','Nueva Zelanda'),('OM','Om&aacute;n'),('NL','Pa&iacute;ses Bajos'),('PW','Palaos'),('PA','Panam&aacute;'),('PG','Pap&uacute;a Nueva Guinea'),('PE','Per&uacute;'),('PF','Polinesia Francesa'),('PL','Polonia'),('PT','Portugal'),('QA','Qatar'),('GB','Reino Unido'),('CZ','Rep&uacute;blica Checa'),('AZ','Rep&uacute;blica de Azarbaiy&a'),('GA','Rep&uacute;blica de Gab&oacute'),('CG','Rep&uacute;blica del Congo'),('CD','Rep&uacute;blica Democr&aacute'),('DO','Rep&uacute;blica Dominicana'),('RE','Reuni&oacute;n'),('RW','Ruanda'),('RO','Ruman&iacute;a'),('RU','Rusia'),('WS','Samoa'),('KN','San Crist&oacute;bal y Nieves'),('SM','San Marino'),('PM','San Pedro y Miquel&oacute;n'),('VC','San Vicente y las Granadinas'),('SH','Santa Elena'),('LC','Santa Luc&iacute;a'),('ST','Santo Tom&eacute; y Pr&iacute;'),('SN','Senegal'),('SC','Seychelles'),('SL','Sierra Leona'),('SG','Singapur'),('SO','Somalia'),('LK','Sri Lanka'),('SZ','Suazilandia'),('ZA','Sud&aacute;frica'),('SE','Suecia'),('CH','Suiza'),('SR','Surinam'),('SJ','Svalbard y Jan Mayen'),('TH','Tailandia'),('TW','Taiw&aacute;n'),('TZ','Tanzania'),('TJ','Tayikist&aacute;n'),('TG','Togo'),('TO','Tonga'),('TT','Trinidad y Tobago'),('TN','T&uacute;nez'),('TM','Turkmenist&aacute;n'),('TR','Turqu&iacute;a'),('TV','Tuvalu'),('UA','Ucrania'),('UG','Uganda'),('UY','Uruguay'),('VU','Vanuatu'),('VE','Venezuela'),('VN','Vietnam'),('WF','Wallis y Futuna'),('YE','Yemen'),('DJ','Yibuti'),('ZM','Zambia');
/*!40000 ALTER TABLE `CPais` ENABLE KEYS */;
UNLOCK TABLES;

--
-- Table structure for table `CSkin`
--

DROP TABLE IF EXISTS `CSkin`;
SET @saved_cs_client     = @@character_set_client;
SET character_set_client = utf8;
CREATE TABLE `CSkin` (
  `id_skin` int(11) NOT NULL,
  `nom_skin` varchar(25) NOT NULL,
  `css_skin` varchar(20) NOT NULL,
  PRIMARY KEY  (`id_skin`)
) ENGINE=MyISAM DEFAULT CHARSET=utf8;
SET character_set_client = @saved_cs_client;

--
-- Dumping data for table `CSkin`
--

LOCK TABLES `CSkin` WRITE;
/*!40000 ALTER TABLE `CSkin` DISABLE KEYS */;
INSERT INTO `CSkin` VALUES (1,'Classic','classic.css'),(2,'Star Wars: Clone Wars','starwars.css'),(3,'Matrix','halotheme.css'),(4,'BMX','bmx.css');
/*!40000 ALTER TABLE `CSkin` ENABLE KEYS */;
UNLOCK TABLES;

--
-- Table structure for table `CSubcategoria`
--

DROP TABLE IF EXISTS `CSubcategoria`;
SET @saved_cs_client     = @@character_set_client;
SET character_set_client = utf8;
CREATE TABLE `CSubcategoria` (
  `id_sub` int(11) NOT NULL auto_increment,
  `id_cat` int(11) NOT NULL,
  `nom_sub` varchar(255) NOT NULL,
  `des_sub` varchar(255) NOT NULL,
  PRIMARY KEY  (`id_sub`),
  KEY `id_cat` (`id_cat`)
) ENGINE=MyISAM AUTO_INCREMENT=40 DEFAULT CHARSET=utf8;
SET character_set_client = @saved_cs_client;

--
-- Dumping data for table `CSubcategoria`
--

LOCK TABLES `CSubcategoria` WRITE;
/*!40000 ALTER TABLE `CSubcategoria` DISABLE KEYS */;
INSERT INTO `CSubcategoria` VALUES (1,1,'Novatos','Des'),(2,1,'Noticias CodeComm','Des'),(3,1,'Ayuda y soporte','Des'),(4,2,'Windows','Descripcion'),(5,2,'Linux','Descripcion'),(6,2,'MacOs','Descripcion'),(7,2,'Descargas','Descripcion'),(8,3,'HTML','Descripcion'),(9,3,'JavaScript','Descripcion'),(10,3,'JSP/Servlets','Descripcion'),(11,3,'Bases de Datos (SQL)','Descripcion'),(12,3,'PHP','Descripcion'),(13,3,'CSS','Descripcion'),(14,3,'Descargas','Descripcion'),(15,4,'General','Descripcion'),(16,4,'POO','Descripcion'),(17,4,'Visual Basic','Descripcion'),(18,4,'Java','Descripcion'),(19,4,'C/C++','Descripcion'),(20,4,'Pascal','Descripcion'),(21,4,'C#','Descripcion'),(22,4,'Logo','Descripcion'),(23,5,'Inform&aacute;tica','Descripcion'),(24,5,'Literatura','Descripcion'),(25,5,'Matem&aacute;ticas','Descripcion'),(26,5,'Dibujo T&eacute;cnico','Descripcion'),(27,5,'Historia','Descripcion'),(28,5,'Biolog&iacute;a','Descripcion'),(29,5,'Habla Inglesa','Descripcion'),(30,5,'F&iacute;sica','Descripcion'),(31,5,'Qu&iacute;mica','Descripcion'),(33,6,'M&uacute;sica','Descripcion'),(34,6,'Im&aacute;genes','Descripcion'),(35,6,'Videos/Pel&iacute;culas','Descripcion'),(36,6,'Juegos','Descripcion'),(37,6,'M&oacute;viles','Descripcion'),(38,6,'Descargas','Descripcion'),(39,6,'Off-Topic','Descripcion');
/*!40000 ALTER TABLE `CSubcategoria` ENABLE KEYS */;
UNLOCK TABLES;

--
-- Table structure for table `CTipo`
--

DROP TABLE IF EXISTS `CTipo`;
SET @saved_cs_client     = @@character_set_client;
SET character_set_client = utf8;
CREATE TABLE `CTipo` (
  `id_tipo` tinyint(4) NOT NULL,
  `nom_tipo` varchar(255) NOT NULL,
  `des_tipo` varchar(255) NOT NULL,
  PRIMARY KEY  (`id_tipo`)
) ENGINE=MyISAM DEFAULT CHARSET=utf8;
SET character_set_client = @saved_cs_client;

--
-- Dumping data for table `CTipo`
--

LOCK TABLES `CTipo` WRITE;
/*!40000 ALTER TABLE `CTipo` DISABLE KEYS */;
INSERT INTO `CTipo` VALUES (1,'Usuario Codecomm','Usuario registrado sin privilegios especiales'),(2,'Moderador','Vigila que se cumplan los estatutos de CodeComm'),(3,'Administrador','Posee acceso total a la p'),(4,'Banned user','Usuario bloqueado por no cumplir con los t');
/*!40000 ALTER TABLE `CTipo` ENABLE KEYS */;
UNLOCK TABLES;

--
-- Table structure for table `DMensaje`
--

DROP TABLE IF EXISTS `DMensaje`;
SET @saved_cs_client     = @@character_set_client;
SET character_set_client = utf8;
CREATE TABLE `DMensaje` (
  `id_dmsg` int(11) NOT NULL auto_increment,
  `id_msg` int(11) NOT NULL,
  `id_user` int(11) NOT NULL,
  `leido_msg` tinyint(1) NOT NULL,
  PRIMARY KEY  (`id_dmsg`),
  KEY `id_user` (`id_user`),
  KEY `id_msg` (`id_msg`)
) ENGINE=MyISAM AUTO_INCREMENT=27 DEFAULT CHARSET=utf8;
SET character_set_client = @saved_cs_client;

--
-- Dumping data for table `DMensaje`
--

LOCK TABLES `DMensaje` WRITE;
/*!40000 ALTER TABLE `DMensaje` DISABLE KEYS */;
INSERT INTO `DMensaje` VALUES (1,1,6,1),(2,2,14,1),(10,8,12,1),(19,16,3019,0),(8,7,30,1),(13,10,12,0),(14,11,3008,1),(15,12,3009,0),(23,19,3031,1),(26,22,3033,1);
/*!40000 ALTER TABLE `DMensaje` ENABLE KEYS */;
UNLOCK TABLES;

--
-- Table structure for table `EMensaje`
--

DROP TABLE IF EXISTS `EMensaje`;
SET @saved_cs_client     = @@character_set_client;
SET character_set_client = utf8;
CREATE TABLE `EMensaje` (
  `id_msg` int(11) NOT NULL auto_increment,
  `id_user` int(11) NOT NULL,
  `nom_msg` varchar(255) NOT NULL,
  `fec_msg` datetime NOT NULL,
  `cuerpo_msg` longtext NOT NULL,
  `verbb_msg` tinyint(1) NOT NULL,
  `limpbb_msg` tinyint(1) NOT NULL,
  PRIMARY KEY  (`id_msg`),
  KEY `id_user` (`id_user`)
) ENGINE=MyISAM AUTO_INCREMENT=23 DEFAULT CHARSET=utf8;
SET character_set_client = @saved_cs_client;

--
-- Dumping data for table `EMensaje`
--

LOCK TABLES `EMensaje` WRITE;
/*!40000 ALTER TABLE `EMensaje` DISABLE KEYS */;
INSERT INTO `EMensaje` VALUES (1,2,'k onda ethan!','2010-05-14 03:15:00','[b]que onda ethan![/b]\r\n\r\nese milagro k visitas a la gente pobre :( haha',1,1),(2,2,'k onda daniel','2010-05-16 22:43:14','k onda hijo mio aki te mando un msg rapidin para k veas que onda con Codecomm',0,0),(3,1,'que onda yang!!!','2010-05-18 12:47:37','buen dia! como stas sigue asi ',1,1),(4,2,'Hola!!!','2010-05-18 14:20:21','[b]Mensaje en tiempo real!![/b]',1,0),(5,28,'hola pepo27','2010-05-19 01:39:04','hola pepo como estas espero estes bien buena pagina',0,0),(6,30,'esta es la informacion de dibujo','2010-05-19 20:37:16','esta es la informacion urgente sobre cortes buen dia chicos\r\n\r\nla lamina 36 es opcional(corte concurrente a lapiz)',0,0),(7,2,'gracias por lo de la lamina','2010-05-19 20:39:10','hola gracias por la informacion que me mandaron',0,0),(8,2,'hola gamaliel','2010-05-20 19:34:52','[b]hola como estan echale ganas para la expo batiz!!![/b]',1,0),(9,2,'hola misifuz!!','2010-05-21 19:02:01','hola misi [color=\"#9ACD32\"]hola[/color]\r\n[img=\"http://princesa246.files.wordpress.com/2009/10/gif1computadora.gif\"]',1,1),(10,35,'Hola Gamaliel','2010-05-21 22:16:14','[color=\"#9ACD32\"]Este es un mensaje privado[/color]\r\n',0,0),(11,1,'Hola!','2010-05-22 00:23:25','Hola a todos!!!\r\n\r\n\r\n\r\n[b]Hola!!![/b][color=\"#FAFAD2\"][/color]\r\n\r\n\r\n',1,0),(12,2,'webos OMY','2010-05-22 04:55:28','haha k px como t va?? haha\r\npues k bueno k t nos registras\r\nkamara\r\nm largo',0,0),(13,3012,'agregar live','2010-05-22 17:16:17','mmmm agrega el live y yuren apesta \r\np: tambien el gmail',0,0),(14,3013,'HOLA MISIFUS','2010-05-22 17:38:59','[[ghjhgjghjghj]tgbgtergrnjyuknbrtherghsdfbgrthrth',0,0),(15,2,'HOLA MISIFUS','2010-05-22 17:51:32','dfñlgbrlhbrthbvkrgbhrehbvnsflkvnewkghloejgprtjgvprio[b]tutgjkykukki[/b]',1,0),(16,2,'no manches','2010-05-26 02:33:22','haha gracias por colaborar al probar nuestra pagina, por cierto cuando estaran en linea??? tengo dos que tres regalitos para vos haha espero minimo chekes los mensajes privados haha',0,0),(17,3024,'hola1','2010-05-28 15:24:04','Hola BEto como stas :)',1,1),(18,3028,'hola beto y hola adonais','2010-05-31 13:02:11','hola como estan los 2 \r\nsale me voy buen dia\r\n',1,1),(19,2,'k onda alex!','2010-06-09 01:31:26','que onda alex bienvenido a Codecomm\r\nrecuerda k proximamente tendras que hacer paro\r\nhaha\r\nkamara\r\nnos verms\r\nbye',0,0),(20,32,'BUEN TRABAJO','2010-06-19 02:49:59','wey hola\r\nla pagina pagina ya esta\r\nluciendo ahora sii\r\nse ve mucho mejor \r\nel perfil\r\nme encanto \r\ncontinuen actualizando\r\nesta muy bien ehh!! \r\nmui cool',1,1),(21,32,'PROBLEMAS','2010-06-19 02:53:00','hay algunos problemas checa tu correo te envie algunas imagenes de errores q tiene la pagina ok no son errores son detalles\r\n',1,1),(22,2,'hola linda','2010-06-23 02:59:56','hola linda como stas?\r\nespero k bn\r\nbno estos son los mensajes privados\r\njeje\r\ncuidate\r\nbesos',0,0);
/*!40000 ALTER TABLE `EMensaje` ENABLE KEYS */;
UNLOCK TABLES;

--
-- Table structure for table `MComentario`
--

DROP TABLE IF EXISTS `MComentario`;
SET @saved_cs_client     = @@character_set_client;
SET character_set_client = utf8;
CREATE TABLE `MComentario` (
  `id_com` int(11) NOT NULL auto_increment,
  `id_user` int(11) NOT NULL,
  `id_post` int(11) NOT NULL,
  `cuerpo_com` varchar(500) NOT NULL,
  PRIMARY KEY  (`id_com`),
  KEY `id_user` (`id_user`),
  KEY `id_post` (`id_post`)
) ENGINE=MyISAM AUTO_INCREMENT=1155 DEFAULT CHARSET=utf8;
SET character_set_client = @saved_cs_client;

--
-- Dumping data for table `MComentario`
--

LOCK TABLES `MComentario` WRITE;
/*!40000 ALTER TABLE `MComentario` DISABLE KEYS */;
INSERT INTO `MComentario` VALUES (1,2,1,'k d bowls!!!!'),(2,2,2,'me agradan los reportes\r\nagregare mas si son necesarios esten al pendiente de los comentarios!'),(3,4,1,'porque blah blah podria ser mejor cuack cuack'),(4,4,3,'si quiero pasar fisica'),(5,2,2,'liberada el pass recovery!'),(63,2,2,'hay un pekeño bug en el escape de acentos en el perfil'),(7,5,3,'Escribe un comentario...'),(8,5,3,'Esto esta muy raro'),(9,1,3,'Y gracias a Creepie aprenderé Física XD'),(10,4,3,'exacto adonais'),(11,2,3,'baneare a adonais xD haha rapidshare sucks!!!'),(12,2,3,'ando en modo dios!'),(13,2,3,'pudrete batinga!!!!!!!!!!!'),(14,4,3,'porque sus comentarios estan arriba'),(15,4,3,' dejen de insultar a paginas amigas'),(17,2,3,'<b>pudrete yang!</b>'),(18,2,3,'ue un bug!!!!!!! checa k no tenga las de <h1>html</h1>'),(19,4,3,'oigan no deberia haber sencura de palabras con en el wow ejemplo si alguien pone nose tonto que salga $%#\"#'),(20,4,3,'<h1>wow</h1>'),(21,4,3,'<font size=64>GIGANTE</font>'),(22,2,2,'bug encontrado.... checar html d los comentarios!'),(23,2,3,'haha te adoro adonais\r\nbug eliminado!'),(24,4,3,'WOW ya lo quitaron siiiiiiii'),(25,1,3,'Juraría hice la comparación...\r\n\r\nSolucionado ^^'),(26,4,3,'y ahora!!'),(27,1,3,'Comentan más rápido de lo que yo puedo escribir!'),(28,4,3,'como que se debria de borrar todo este desmadr......'),(29,4,3,'de comentarios'),(30,4,3,'eso que'),(31,4,3,'oigan si hay msn por que palticamos en los comnetarios de mi post'),(32,4,3,'seguimos con cero goles chafa'),(34,1,3,'1) Tu post qué?\r\n2) Poner limites de comentarios al día ¬¬'),(35,1,3,'3) NO SIGAN COMENTANDO!!'),(36,4,3,'no borrar hablo de borrar todos estos comentarios que ni vien al caso'),(37,4,3,'tarde'),(38,1,2,'Corregido ^^\r\n\r\nCreí lo había hecho...'),(62,2,1,'limpios de comentarios adonais faltaria un <hr/> para separar cada comentario'),(42,4,6,'mmm posiblemente se termine para cuando tenga tiempo ya que debo Grupos de Calculo tambien'),(84,2,18,'buen post!'),(44,9,4,'Muy buen post Yang!!!!'),(45,9,6,'No acabaras los grupos de calculo!!!'),(46,9,6,'Ni este post'),(47,9,3,'quiero mi cuenta modo dios!!!'),(48,2,7,'no mames como te la chuñpas!'),(49,4,8,'Si cuenta dios'),(50,4,8,'siiiiiiiiiiiiiiiiiiiiiiiiiiiiiiiiiiiiiiiiiiiiiiiiiiiiiiiiiiiiiiiiiiiiiiiiiiiiiiiiiiiiiiiiiiiiiiiiiiiiiiiiiiiiiiiiiiiiiiiiiiiiiiiiiiiiiiiiiiiiiiiiiiiiiiiiiiiiiiiiiiiiiiiiiiiiiiiiiiiiiiiiiiiiiiiiiiiiiiiiiiiiiiiiiiiiiiiiiiiiiiiiiiiiiiiiiiiiiiiiiiiiiiiiiiiiiiiiiiiiiiiiiiiii'),(51,4,8,'mMMMMMMMMMMMMMMMMMMMMMMMMMMMMMMMMMMMMMMMMMMMMMMMMMMMMMMMMMMMMMMMMMMMMMMMMMMMMMMMMMMMMMMMMMMMMMMMMMMMMMMMMMMMMMMMMMMMMMMMMMMMMMMMMMMMMMMMMMMMMMMMMMMMMMMMMMMMMMMMMMMMMMMMMMMMMMMMMMMMMMMMMMMMMMMMMMMMMMMMMMMMMMMMMMMM'),(64,1,2,'Lo noté. ^^\"\nCorregido!!'),(65,2,2,'curioseando nuevamente otro pekeño bug\nen en la parte de [code] [/code] en el tema de matrix'),(57,1,8,'ASDASD'),(58,1,1,'Ehh... gracias... Supongo...\n\nAhorita faltan detalles, y haremos post mejores que estos, en serio...'),(59,1,2,'Corregido un bug potencial maligno... Je, je... Gracias a aquellos que probaron mi página hasta el limite para que quedara mejor ^^'),(60,2,2,'haha\nsigamos checando bugs....'),(86,1,2,'(y ya no pueden banear a Dioses ¬¬)'),(68,2,2,'encontre una manera de solucionarlo en la parte del index que dice codestyle.... ponle color:#000000; y listo para los comentarios crear una clase para los comentarios....'),(69,2,2,'para los comentarios quedaria asi:\n<style type=\"text/css\">\n.commens{\nbackground:#F7F7F7;\ncolor:#000000;\n}\n</style>\n<td class=\"comments\">...</td>'),(70,2,2,'y con eso se estandarizan todos los comentarios\n'),(71,2,2,'encontre otro bug al agregar a favoritos\ncheca como se mandan los datos a la url'),(78,2,2,'encontre otro enorme bug!!!!!\ncuando son post demasiado extensos te manda a la versh!!!! checa eso!'),(77,2,17,'que onda yang espero sigas asi buen post!'),(80,2,2,'ese es otro bug haha\ny el de subir imagen'),(85,1,2,'Corregido todo excepto lo de los posts extensos. Necesito saber qué pasa con más detalle...'),(82,2,17,'haha k mamada!'),(219,35,34,'XDXDXDXDXDXDXDXDXDXDXDXDXDXDXDXDXDXDXDXDXDXDXDXDXDXDXDXDXDXDXDXDXDXDXDXDXDXDXDXD'),(87,13,2,'worale'),(88,13,1,'wuuuuuuuuu codecomm'),(89,2,2,'pequeño error en un script\n'),(90,2,2,'en el menu accede\nsolucion propuesta'),(91,2,2,'<form action=\"index.php\" method=\"post\">\n  <tr>\n    <td><p class=\"access\">Usuario\n        <input type=\"text\" name=\"user\" />\n      </p></td>\n    </tr>\n  <tr>\n    <td height=\"26\">\n      <p class=\"access\">Contraseña<input type=\"password\" name=\"pass\" />\n      </p></td>\n    </tr>\n  <tr>\n	<td>\n	<p class=\"access\"><input type=\"submit\" value=\"acceder\" name=\"login\" /></p>\n	</td>\n  </tr>\n</form>'),(92,2,2,'todo dentro de un <noscript></noscript>\n'),(93,2,2,'ahi falta un <form action=\"index.php\" method=\"post\">'),(94,13,17,'gracias beto'),(95,2,20,'madres!\nk tamaño d post... sigue asi\n'),(96,2,20,'links intercambiables lo mejor de todo...'),(97,12,2,'En la recuperación de contraseña hay un pequeño error, ya que manda correos sin informacion a direcciones que no existen en la base de datos.'),(103,2,20,'se lo robo de batinga xD haha [Batinga sucks!]'),(100,13,20,'y por mediafire!!!'),(104,13,20,'tuve que quitar los antiguos links estaban rotos algunos de todos modos es mejor por mediafire'),(106,13,20,'pero codecomm rifa mas\n'),(108,2,19,'Buen post! Me sirvió mucho.'),(109,12,2,'Otro bug, te puedes registrar con la misma direccion de correo varias veces...'),(110,2,2,'a con que eres tu hijoeputa\n'),(111,2,2,'otro bug\ncuando esta el añadir a favoritos sino tienes session se muere\ny marca un error de mysql\nchecar session'),(112,2,2,'por cierto checar el de si pones demasiadas letras y se deforma la pagina :s'),(113,1,2,'Como que merezco un descanso, no? -_-'),(121,1,2,'En fin... Lo de las letras que deforman y la imágen lo agrego otro dia (tal vez el jueves 19 de marzo 2010).\nCreo arreglé mucho hoy... o tal vez no XP'),(122,1,2,'P.S. Y Beto igual'),(123,2,2,'liberados: script, correos nulos y registros con misma cuenta de correo, ajax implementado'),(124,2,20,'haha mamon'),(125,2,21,'buen post men!\nsigue asi\nte puedes ganar un lugar privilegiado'),(127,18,20,'este chavo tiene buenos post pero aun asi no rifa Medulsed'),(128,30,24,'hola este es un buen post'),(129,13,1,'tu voz es muy graciosa y seria'),(130,13,20,'jaja cj clro que rifo'),(131,13,24,'que onda donde esta la info?'),(135,2,27,'no soy muy dado a los juegos de estrategia\npero buen post'),(134,13,27,'buen post gafter'),(136,2,26,'del asco borrare tu post xD haha\nsigue asi yang'),(138,2,25,'que crees\na modificar tu post'),(143,31,29,'haha, ya no mas mala suerte el oso polar ahora nos quiere <3 '),(140,2,29,'ooooooooo vaya musica indie! genial buen post april'),(141,31,29,':D gracias '),(142,13,29,'El oso polar esa cancion me gusta mucho aunque aveces de mala suerte XD'),(144,13,29,'jaja solo por lo del vive verdad? XD'),(145,31,29,'si si, el oso polar nos quizo en el vive y no me ha pasado nada malo.... espera hoy perdi mi telefono, ok olvidalo ya no me quiere otra vez '),(146,13,26,'como que asco es WOW el juego online con mas usuarios'),(147,32,29,'si pifa esa banda eeh'),(148,31,29,'mucho, y ya estan grabando disco nuevo '),(149,13,25,'espero que esas imagenes esten bien\n'),(150,13,30,'O POR LO MENOS MODERADOR'),(203,13,20,'claro que rifo'),(153,13,2,'\n\n\n\n\n\n\nbuscando bugss\n\n\n\n\n\n'),(154,32,24,'no hay info egg'),(155,13,29,'en serio uy en el que dibujaste algo creo que era un pajaro'),(156,31,29,'un pajaro?? te refieres a la portada de el hoy a las ocho? no es un pajaro '),(157,13,18,'apoco es todo sobre la segunda ley?'),(158,2,31,'D: si fueras como el si te ganarias unos blows'),(160,31,20,'no es cierto no rifas, el unico que rifa aqui es leonard <3 haha '),(161,13,29,'no de tu cel'),(162,31,26,'que tenga mas usuarios que otros no significa que sea el mejor xD '),(163,13,29,'me acuerdo que tenias un cel en el que habias dibujado algo solo no me acuerdo que'),(164,31,29,'a si, era un pajaro, pero no es de hello seahorse, ese pajaro fue tan solo producto de mi imaginacion '),(165,13,20,'otra yang silva RIFAAAAAAAAA'),(166,13,29,'pero fue ese cel el que se te perdio'),(167,13,27,'a ver cuando nos echamos un sc en hunters hermano mio para que el zerg asesino atus miserables protoss'),(168,13,27,'porque yo rifoooo en este juego en especial'),(169,31,29,'si :(, pero aun tengo ese pajaro '),(170,31,20,'claro que no yanggggggg! no es cierto '),(171,13,26,'ya vez porque empiezan las discusiones y mi respuesta es que si si significa ya que muchos lo juegan y si lojuegan es porque es el mejor!!!'),(173,31,26,'haha lo siento yang pero me gusta debatir contigo, pero no no es el mejor '),(174,13,25,'ay recuerdo que era muy bueno para este juego haste que llegaron los españoles comandados por gafter(yuren mi hermano malvado) y destruyeron todo mi orgullo \npero gafter te gano en SC'),(175,13,26,'desde tu punto de vista los datos y cifras reales demustran que si'),(176,13,29,'lo siento por lo menos tienes el diseño del´pajaro que esta padre'),(177,2,32,'haha buen pero muy buen post\npor cierto llevas tu lap\ny corre la voz de la pagina con tus conocidos\nvamos por 200!'),(178,13,32,'arriba el poli somos los mejores del a republica'),(179,13,32,'200 k entendido y anotado'),(180,13,20,'mmmm sigue viviendo en un mundo de mentiras abril'),(181,13,33,'lo vamos alograr lo vamos a lograr, lo vasmos a lograr todos ayuden por una comunidad mas grande'),(183,18,25,'yang no rifa y nunca rifara'),(184,2,28,'hola buen post'),(185,2,34,'buen post !!!!'),(186,1,34,'Sos groso, sabel... Espera, una imagen del Chivas? Qué pasó con tus gustos?'),(187,1,28,'Sí, pero porqué necesitas decirlo?\n\nSí que rifa Logorama.'),(188,27,27,'jaja gracias y te gano meduseld XD\n\n'),(218,3009,52,'creo que se deberian ayudar mutuamente con las demas paginas que desarrollaron los otros equipos, anunciar su pagina en otra y asi consecutivamente colocando links, para que cresca la comunidad de esta y de las otras paginas, no se es solo un comentario'),(190,32,33,'en tus sueños yang\njaja '),(205,13,27,'no me ganas mi poder Zerg te destroza'),(215,13,52,'mmm mucho trabajo por delante'),(214,31,32,'haha me rio de ti yang!'),(211,3004,21,'Pásame todos los problemas de la olimpiada!!! '),(216,31,20,'mundo de mentiras??\' mmm dime cual es el mundo de mentiras y te dare la razon '),(204,13,36,'Buen post '),(287,3024,33,':) Hola Yang\n'),(288,3024,33,':) Hola Yang'),(224,13,20,'es el mundo de las personas que pierden su muchosidad'),(227,1,2,'@Medulsed: eso no es un bug, es intencional. Pero veo que quieres quebrar la página así...'),(225,13,32,'y yo tambien me rio de mi mismo'),(226,35,33,'GoooD'),(228,31,32,'sabes a lo que me refiero...'),(229,3018,21,'jaja grax por esta pagina de lux, jaja con esto si me podra ayudar a estudiar progra, aunque no me guste pero bueno jaja, (qn diria me voe a medicina jaja)'),(230,3018,24,'aaaa dibujo tecnico ayuda '),(231,3018,24,'como dice misifus, no hay info ^-^'),(232,3019,20,':D buen post! q weba me da buscar los episodios, por cierto Batinga! rifa!!! :D (dentro de unos dias me vere banneado XD) la victoria de üSoft ha sido bien definida y pss ni que hacerle :P mucha suerte para proximos proyectos, este proyecto no ha sido malo, solo que hemos sido mejores, :D por cierto yang si rifa XDDD'),(233,3019,32,':D creo q ya lo notaron pero algun wey nos hackeo a ambas paginas, XP nosotros logramos 314 registros, y cuando ese wey nos hackeo llegamos a 2367 XDDD, buen post por cierto!'),(235,1,32,'Nosotros llegamos a + de 3000 XD.\r\nEn fin... eso no importa. Pero fue por eso que agregué el captcha -_-'),(238,2,2,'hahaa'),(244,13,32,'jaja abril mmm en realidad no o alomejor dices que los \"gatos\" son chafas'),(245,2,20,'rifa tanto batinga con sus ENORMES BUGS de seguridad xD'),(246,2,57,'esta mas rifado por mediafire!'),(247,13,57,'pues pasame el link y lo anexo'),(248,15,39,'Vos sos todos gays'),(249,15,58,'Este post esta mejor que la basura de Plants vs. Zombies\r\n'),(250,15,57,'Hola chicoooooooooooooooooooooooooooooooooooooooooooooooooooooooooooooooooooooooooooooooooooooooooooooooooooooooos!\r\n\r\nYang no sabe jugar halo y por eso le gusta este juego'),(251,15,27,'quien es este tipo??????'),(252,2,58,'estas en toda la razon medina! por cierto tambien tengo plants vs zombies por mediafire!'),(253,2,59,'gracias medina! poco a poco te empiezas a ganar una cuenta modo moderador eh! :D'),(260,2,63,'no le hagas caso a adonais k anda de aguafiestas ¬¬'),(256,35,59,'SI\nMEDINA TIENE RAZON\nSOMOS PROSSS'),(257,3018,59,'jaja como q son bn proos, jaja alemenos se rifaron a ver q actualizacion mejorara la pagina, espero q noo tarden, a si ya van 5 q les envio a ver qn se regustra jaja'),(258,3018,33,'jaja lo lo apoyo, jaja qn le ayuda???'),(259,1,63,'Es bueno que tengas iniciativa, pero ahorita en este momento eso no es necesario (especialmente que la página todavía está en desarrollo)'),(261,2,63,'haha pero si danos chanze de acabar mas cosas d la pagina\ndejame entregar lo de dibujo y le dedico mas tiempo a codecomm'),(1114,3027,70,'zarpado, buen post, ya ni me acordaba de medabots'),(267,2,64,'que te pasa! como rapidshare! te salvas por el simple hecho de k puedes intercambiar \nlinks eh! si no ban seguro! haha\nbuen post!!'),(266,2,61,'y a mi k ....gados con la info extra d batinga?? '),(265,3019,58,':D buen post, qien juega Plants estos dias?'),(268,2,32,'y no se llama hacking es cracking aprende de informatica chuchito'),(269,31,64,'bleh! lo hubiera encontrado mas rapido en wikipedia....'),(270,13,64,'mmm no ya que en wikipedia no hay links solo info'),(271,27,64,'jajaja ok ta bn \n\n'),(272,13,61,'apoco es un pueblo que rifado'),(273,3018,63,'si notp, jaja solo necesitan algo y me avisan'),(1148,31,81,':) me gusta '),(275,1,61,'XD XD XD Un pueblo...'),(276,1,63,'Claro! Yo no dije que no se hiciera lo tuyo, sino que nada más que esté totalmente terminado esto. Ya le falta poco, supongo'),(277,1,2,'OK. Mejorada seguridad en cuanto a contraseñas y corregido bicho en remover favoritos ^^\"'),(278,1,2,'Por cierto, me agrada que la página no haya caído en una semana ^^'),(279,2,66,'rifadisimos!!'),(280,2,65,'ue no veo ni la primera y kieres k vea la segunda! acaso estas loco???'),(281,2,2,'corregido comentarios en el tema de matrix'),(290,3024,33,':) Hola Yang\n'),(291,3024,33,':) Hola Yang'),(284,3024,36,':) hola beto'),(285,3024,33,':) Hola Yang\n'),(286,3024,33,':) Hola Yang\n'),(292,3024,33,':) Hola Yang\n'),(293,3024,33,':) Hola Yang\n'),(295,3024,2,':) Hola Adonais\n'),(298,1,2,'Error temporal. Trataba de hacer algo, pero no funcionó.'),(297,13,2,'Oye en los posts se ve el codigo HTML'),(300,1,2,'aaaaaaaaaaaaaaaaaaaaaaaaaaaaaaaaaaaaaaaaaaaaaaaaaaaaaaaaaaaaaaaaaaaaaaaaaaaaaaaaaaaaaaaaaaaaaaaaaaaaaaaaaaaaaaaaaaaaaaaaaaaaaaaaaaaaaaaaaaaaaaaaaaaaaaaaaaaaaaaaaaaaa...\n\nCorregido bug de mensajes largos ^^'),(301,35,61,'Da Gme Been Good To Me'),(302,3028,52,'hola beto como estas'),(303,2,2,'ssssssssssssssssssssssssssssssssssssssssssssssssssssssssssssssssssssssssssssssssssssssssssssssssssssssssssssssssssssssssssssssssssssssssssssssssssssssssssssssssssssssssssssssssssssssssssssssssssssssssssssssssssssssssssssssssssssssssssssssssssssssss'),(304,8,65,'estem el capitulo 15 de la primera tava feo vuelvaLA SUBIR JEJE :) :BUENPOST:'),(305,13,65,'esta bien gracias por el aviso'),(306,13,57,'pues si se jugar que adun nos guarde'),(307,8,65,'parce q tan rotos los links'),(365,2,70,'madres! haha\nno m acordaba k existian los medabots :S'),(366,13,65,'si gracias los subire'),(1106,3020,70,'Esta serie estaba bien rifada (hasta que salieron los medabots negros)'),(1107,3020,18,'Y su maqueta???'),(1109,1,70,'Buen post!!'),(1111,3027,65,'veo links muertos :S'),(1112,3027,20,'esta chido, pero pinche servidor culero de la escuela P.D. no me baneen'),(1113,13,20,'jaja la verdad si'),(1115,12,20,'si, el servidor no sirve, y yang no rifa'),(1118,3027,59,'Lamehuevos o Troll? ¬¬ jajaja las 2 cosas.'),(1120,2,71,'lo mas genial es k la sigues usando? si tanto no la quieres que haces aki por cierto, si kieres centrar solo pones [align=center]texto[/align] y nosotros no decimos k nuestro codigo puede dañar Batinga haha por cierto su transformacion a bbcode realmente es un asco espero tomen en cuenta el tip'),(1122,35,71,'Every body suck my cock, least the uglys	'),(1123,35,71,'Ademas, si no te gusta pwesz usa batinga, a cierto no puedes usar batinga porqe no existe en La Red'),(1124,3027,28,'Buen post, esto si esta chido. P.D. no me baneen'),(1125,13,71,'jaja que risa'),(1127,3027,28,'Pero con todo el respeto del mundo, que pinche final mas pitero, joder. p.D. no me baneen'),(1128,3030,71,'ay chuchito eres el menos indicado para decir tanta mamada... por cierto gracias por el tip'),(1129,3030,2,':D consejito: la pagina del buscador esta muy \'aislada\' del resto :P '),(1131,3020,25,'Suban el age of empires 3 con su expansion'),(1132,2,78,'buen post\nmiles que no veia esos videos!!'),(1133,32,75,'jajajajajajajajaja'),(1134,32,78,'aaa q pro'),(1135,2,79,'ammm\npues..\nhaha\nmejor me lo compro\npero bueno\naun asi buen post!'),(1136,35,79,'Esto qeeee???\n'),(1137,35,78,'Volvere a Jugar Soccer'),(1140,3033,24,'0k ... no hay info!!!'),(1152,13,87,'no rifas misifus'),(1153,2,88,'a la mierda! aun existe codecomm!!! en vaca le dedicamos tiempo :D'),(1154,2,2,'llora(); haha amo codecomm! amo a gamaus!'),(1142,12,78,'El primer video es falso!\n'),(1151,3027,85,'muy lindo'),(1144,35,78,'NO MAMES\nNo es cierto\nEs verdadero, comprobado!'),(1145,35,64,'Escribe un comentario...'),(1146,35,64,'Escribe un comentario...'),(1147,35,64,'vieron esoo'),(1149,2,84,'como para llorar snif! snif!\nbuen post!'),(1150,13,85,'buen post');
/*!40000 ALTER TABLE `MComentario` ENABLE KEYS */;
UNLOCK TABLES;

--
-- Table structure for table `MFavorito`
--

DROP TABLE IF EXISTS `MFavorito`;
SET @saved_cs_client     = @@character_set_client;
SET character_set_client = utf8;
CREATE TABLE `MFavorito` (
  `id_fav` int(11) NOT NULL auto_increment,
  `id_user` int(11) NOT NULL,
  `id_post` int(11) NOT NULL,
  PRIMARY KEY  (`id_fav`),
  KEY `id_user` (`id_user`,`id_post`)
) ENGINE=MyISAM AUTO_INCREMENT=15 DEFAULT CHARSET=utf8;
SET character_set_client = @saved_cs_client;

--
-- Dumping data for table `MFavorito`
--

LOCK TABLES `MFavorito` WRITE;
/*!40000 ALTER TABLE `MFavorito` DISABLE KEYS */;
INSERT INTO `MFavorito` VALUES (1,2,1),(3,2,20),(4,2,2),(5,13,27),(7,1,46),(8,2,52),(9,3015,56),(10,1,1),(12,2,79),(14,2,78);
/*!40000 ALTER TABLE `MFavorito` ENABLE KEYS */;
UNLOCK TABLES;

--
-- Table structure for table `MPost`
--

DROP TABLE IF EXISTS `MPost`;
SET @saved_cs_client     = @@character_set_client;
SET character_set_client = utf8;
CREATE TABLE `MPost` (
  `id_post` int(11) NOT NULL auto_increment,
  `nom_post` varchar(255) NOT NULL,
  `id_user` int(11) NOT NULL,
  `id_sub` int(11) NOT NULL,
  `fec_post` datetime NOT NULL,
  `fecedit_post` datetime NOT NULL,
  `tags_post` varchar(255) NOT NULL,
  `cuerpo_post` longtext NOT NULL,
  `verbb_post` tinyint(1) NOT NULL,
  `limpbb_post` tinyint(1) NOT NULL,
  `prior_post` int(11) NOT NULL,
  PRIMARY KEY  (`id_post`),
  KEY `id_user` (`id_user`),
  KEY `id_sub` (`id_sub`)
) ENGINE=MyISAM AUTO_INCREMENT=90 DEFAULT CHARSET=utf8;
SET character_set_client = @saved_cs_client;

--
-- Dumping data for table `MPost`
--

LOCK TABLES `MPost` WRITE;
/*!40000 ALTER TABLE `MPost` DISABLE KEYS */;
INSERT INTO `MPost` VALUES (1,'Comenzando en Codecomm[1.0]',2,2,'2010-05-13 23:28:27','2010-05-19 20:43:30','','[b]Buen dia CodeUsers!!!![/b]\r\n\r\nAntes que nada me les muestro como un administrador...Mi nombre es .... checa mi perfil \r\n[url=\"perfil.php?nick=pepo27\"]Pepo27[/url]\r\n\r\nbueno les dare un pequeño paseo por la pagina...\r\n\r\ncontamos en la pagina principal con...\r\n\r\n\r\n[youtube=\"http://www.youtube.com/watch?v=GdSb5kyKYSQ\"]\r\n\r\n\r\n[header]Inicio!!![/header]\r\nCuando le puchas ahi... pues te manda a la pagina principal de [i]CodeComm[/i]. Dentro de esta te recomiendo el Twitter.\r\n\r\n\r\n[header]Comunidad!!![/header]\r\nUno de los aspectos interesantes dentro de este ambito pero aun en desarrollo.\r\n\r\n\r\n[header]Accede/Regístrate[/header]\r\nahi como su nombre lo dice... accedes o te puedes registrar si no tienes una cuenta en codecomm....\r\n\r\n\r\n[header]Temas[/header]\r\nparte innovadora de nuestro sistema 3 de los 4 temas estan activos...\r\n\r\n\r\n[header]CodeComm[/header]\r\nahi puedes encontrar noticias, informacion para novatos asi como la ayuda y el soporte....como este articulo\r\n\r\n\r\n[header]Categorías[/header]\r\nLas diversas areas que nuestra comunidad abarca dentro de este sistema de comunicacion... observa los menus tu decides donde poner tu post...\r\n\r\n\r\n(Corrigiendo problemas... a pesar de estos prosigo con la descripcion)\r\n\r\n^^',1,1,100),(2,'Reporte de bugs',1,3,'2010-05-14 00:03:18','2010-05-28 00:20:15','','OK... Vamos al grano. Esta siendo una versión alpha de CodeComm, puede tener bichos. Reporten los que puedan excepto:\r\n[list][*][i][s]Falta recuperar contraseña en caso de haber sido olvidada....[/s][/i][/*][*][i]Faltan etiquetas bb:[/i] sólo he puesto algunas. La lista saldrá pronto.[/*][*][i]Comunidad no dirige a ningún lugar:[/i] pronto lo hará, y les gustará ^^[/*][*][s][i]Muere la vista previa automática con mucho texto:[/i] limitaciones de usar URL\'s para enviar datos. Usaré AJAX.[/s][/*][*][i]No puedo hacer \'x cosa\' que sí puedo en phpBB:[/i] Esto no está basado en phpBB.[/*][/list]\r\n[s]Validacion de apellidos y nombre[/s]\r\n[s]implementar seguridad de registro[/s]\r\n[s]terminos y condiciones de uso[/s]\r\n\r\nTodo lo demás será corregido en un santiamén (OK, sean pacientes: la escuela quita tiempo.. luego de que por cada correccion salen 2 bugs xD).',1,0,100),(25,'Age of Empires Conquerors',13,36,'2010-05-20 02:53:54','2010-05-20 05:05:25','','[img=\"http://raldzeid.files.wordpress.com/2007/11/age-of-empires-2-gold-edition-contine-age-of-empires-2-age-of-kings-the-conquerors.jpg\"]\r\n\r\nHola de nuevo Codeusers aqui Medulsed en esta ocasión les vengo compartiendo un juego que creo que ya muchos conocen Age of Empires\r\n\r\nPor los que no lo conocen aqui una especificación de este gran juego.\r\n\r\nAge of Empires II: The Age of Kings es la segunda versión de lafamosa serie de videojuegos Age of Empires, se inspiró en la EdadMedia. El juego fue desarrollado por Ensemble Studios. Tiene unaexpansión, y una secuela. \r\nAdemás de la evolución gráfica, Age of Kings introdujo una importante serie de novedades en la saga, destacando entre otras: \r\n\r\n* Sistema de parámetros modificadores específicos de lacivilización, lo cual hace que la forma de jugar sea diferente con cadauna. \r\n* Unidades únicas por cada civilización. Los Ingleses, porejemplo, fueron excelentes Arqueros, su unidad única es un Arqueroespecial con un gran alcance. Los Japoneses cuentan con sus famosossamuráis. \r\n* Perfección del sistema de combate, permitiendo diferentes estrategias y formaciones. \r\n* Mejora general de la interfaz con más prestaciones y más cómoda. \r\n* Bonificaciones de variables en función de las unidades. asíexisten unidades que son más efectivas contra otras, como se podría veren la realidad. Un Piquero tiene ventaja sobre una unidad decaballería, esta a su vez tiene ventaja sobre las unidades deinfantería, las unidades de infantería son vulnerables ante losarqueros, y los arqueros son vulnerables ante las unidades decaballería. Esto aportó mucho más dinamismo al juego. \r\n* Incremento del 500 de unidades que puede controlar el jugador.Originalmente el juego admite un máximo de 200 unidades por equipo enel mapa. En Internet circulan modificaciones que alteran este valor,llamadas ‘Mods’. \r\n* Mayor realismo en cuanto a tamaño y resistencia de unidades yedificios. En juegos anteriores de Estrategia la proporción de losedificios era absurda en relación con las unidades, lo cual se veía muyfalso. En Age Of Empires: Age Of Kings esto fue una revolución. \r\n\r\nAge of Empires II: The Conquerors \r\n\r\nAge of Empires II: The Conquerors Expansion es la extensión deljuego Age of Empires II: The Age of Kings. Se inicia en el mismocontexto histórico, pero da un pequeño paso más en la historia alintroducir civilizaciones americanas (Mayas y Aztecas), además dealgunas otras civilizaciones (Españoles, Hunos y Coreanos). Mantiene elmismo guión en su desarrollo tanto económico como militar, perointroduce algunas mejoras en la IA (Inteligencia Artificial) de algunasunidades que ayudan a tener más tiempo para plantear la estrategía. Enesta expansión lograron ampliar la dinámica y las posibilidades deljuego. \r\n\r\nNuevas características en el juego \r\n\r\n* Colas de Granjas: No más click derecho para reponerlas, ahora enel molino existe un botón para poner granjas en cola. De esta manera,al terminarse una, los aldeanos la replantarán. Existe un límite degranjas en la cola, 15, aunque es bien sabido el error en el juego elcual es que al poner pausa (F3) se pueden ordenar muchas granjas más.Truco que por razones complejas no funciona en juegos multiplayer enlínea. \r\n* Aldeanos más inteligentes: Ahora, al construir un campamentominero cerca del oro, o la piedra, recogerán automáticamente sinnecesidad de ordenársele. Lo mismo ocurre con la madera y el alimento. \r\n* La IA de las catapultas y sus mejoras es mejorada, haciendo quesea más difícil que ataquen a unidades enemigas habiendo unidades tuyaspeleando con ellas (lo cual provocaría que el daño fuese recibido tantopor unidades enemigas como propias). \r\n* En la galeria de tiro con arco hay dos nuevos desarrollos. \r\n* El piquero y el explorador tienen una mejora más en la Edad Imperial: el Alabardero y el Húsar respectivamente. \r\n* Nueva unidad disponible para todas las razas: El petardo. Es unaunidad que se autodestruye al chocarse contra una unidad o un edificio.Es igual que el buque de demolición, solo que en la tierra. Se le creaen el castillo. \r\n\r\n\r\n[code]Iamgenes[/code]\r\n\r\n[img=\"http://fotos.trucoteca.com/fotos/2250/AGE_OF_EMPIRES_2:_THE_CONQUERORS-8.jpg\"]\r\n\r\n[img=\"http://fotos.trucoteca.com/fotos/7479/AGE_OF_EMPIRES_2:_GOLD_EDITION-1.jpg\"]\r\n\r\n[img=\"http://opiniones.terra.es/tmp/swotti/cacheYWDLIG9MIGVTCGLYZXMGMG==/imgAge%20of%20Empires%2022.jpg\"]\r\n\r\n[code]Links portable y requerimientos[/code]\r\n\r\nMinimos: \r\n\r\nPentium II \r\n233 MHz \r\n64 MB RAM \r\nRaton \r\nTeclado \r\n\r\nRecomendados: \r\n\r\nPentium II \r\n400 MHz \r\n128 MB RAM \r\nRaton \r\nTeclado \r\nTamaño: 202 MB \r\n\r\nLink Megaupload: http://www.megaupload.com/?d=UWMJ0RUO \r\n\r\nBueno se despide Medulsed hasta la proxima\r\n\r\n\r\n[img=\"http://especiales.plus.es/media/PAGINADIGITALPLUS/Infantiles/200801/creepie250X280.jpg\"] ',1,1,0),(17,'Fisica 2 (Parte 1)',13,30,'2010-05-17 02:18:04','2010-05-17 02:25:06','','[code][color=\"#1E90FF\"][b]Fisica 2[/b][/color][/code]\r\n\r\n[img=\"http://centros6.pntic.mec.es/cea.pablo.guzman/Fisica.jpg\"]\r\n\r\nBienvenidos al curso de Física 2, Este es el primer post de este tema a continuación mencionare los conocimientos con los que deben de contar para poder seguir este tutorial.\r\n\r\n- Conocimientos de Fisica 1\r\n- Conocimientos de Algebra\r\n\r\nY tambien mencionare el material que se va a necesitar\r\n\r\n-El libro de Fisica I autor Resnick (si no lo tienen aca les dejo el link)\r\n\r\nhttp://rapidshare.com/files/92840219/Resnick_Vol_I_Fisica.pdf\r\n\r\n- Muchas hojas y lapices\r\n\r\n[img=\"http://i31.tinypic.com/2yx5hm1.jpg\"]\r\n\r\nFinamlemente una pequeña describción de lo que se espera en este curso.\r\n\r\nSe espera que las personas que sigan este curaso puedan adquirir los conocimientos necesarios y las habilidades para la acreditación de la materia. Y que esten en plena forma para Fisica 3.\r\n\r\n\r\n[img=\"http://eduardoaranda.com/wp-content/uploads/2010/02/exito.jpg\"]\r\n\r\nY asi termina este primer post de fisica de despide medulsed alguna duda comenten! y para terminar el opening de una caricatura que me ha gustado mucho Creepie\r\n\r\n\r\n[youtube=\"QrbTQHduRDQ\"]',1,1,0),(18,'Segunda ley de Newton',2,30,'2010-05-17 14:59:14','2010-05-17 15:21:23','','[list][*]Fisica.....[/*][/list]\r\n\r\n[code]          F  =  m  *  a  [/code]\r\n\r\nEste es el postulado de la segunda ley de newton en el que nos dice que la suma de todas las fuerzas es igual a la masa por la aceleracion del cuerpo.\r\n\r\nSi la suma es igual a cero, no hay aceleracion o el cuerpo esta en reposo....\r\n\r\nTodas las leyes de newton son para sistemas inerciales, esto que significa que solo se toma en cuenta en un ambiente en el que la incercia es valida...\r\n\r\n',1,0,100),(19,'Fisica 2 (parte 2 )',13,30,'2010-05-18 02:54:48','2010-05-18 03:27:57','','[code][color=\"#4169E1\"][b]Fisica II Unidad 1 Leyes de Newton[/code][/color]\r\n[/b]\r\n\r\nBienvenidos de vuelta al curso de Física 2, les da la bienvenida Medulsed En este segundo post veremos quién es Newton y La primera Ley de Newton\r\n\r\n[code][b]Sir Isaac Newton (4 de enero de 1643 GR – 31 de marzo de 1727 GR)[/code][/b]\r\n\r\n[img=\"http://cosmictimes.gsfc.nasa.gov/online_edition/1919Cosmic/images/newton.gif\"]\r\n\r\n\r\nFue un físico, filósofo, inventor, alquimista y matemático inglés, autor de los Philosophiae naturalis principia mathematica, más conocidos como los Principia, donde describió la ley de gravitación universal y estableció las bases de la mecánica clásica mediante las leyes que llevan su nombre. Entre sus otros descubrimientos científicos destacan los trabajos sobre la naturaleza de la luz y la óptica (que se presentan principalmente en su obra Opticks) y el desarrollo del cálculo matemático.\r\nNewton fue el primero en demostrar que las leyes naturales que gobiernan el movimiento en la Tierra y las que gobiernan el movimiento de los cuerpos celestes son las mismas. Es, a menudo, calificado como el científico más grande de todos los tiempos, y su obra como la culminación de la revolución científica.\r\nEntre sus hallazgos científicos se encuentran el descubrimiento de que el espectro de color que se observa cuando la luz blanca pasa por un prisma es inherente a esa luz, en lugar de provenir del prisma (como había sido postulado por Roger Bacon en el siglo XIII); su argumentación sobre la posibilidad de que la luz estuviera compuesta por partículas; su desarrollo de una ley de convección térmica, que describe la tasa de enfriamiento de los objetos expuestos al aire; sus estudios sobre la velocidad del sonido en el aire; y su propuesta de una teoría sobre el origen de las estrellas.\r\nNewton comparte con Leibniz el crédito por el desarrollo del cálculo integral y diferencial, que utilizó para formular sus leyes de la física. También contribuyó en otras áreas de la matemática, desarrollando el teorema del binomio. El matemático y físico matemático Joseph Louis Lagrange (1736–1813), dijo que \"Newton fue el más grande genio que ha existido y también el más afortunado dado que sólo se puede encontrar una vez un sistema que rija el mundo.\"\r\n\r\nEn esta unidad nos concentraremos en las famosas leyes de newton que tratan sobre el movimiento de los cuerpos.	\r\n\r\n[code][b][color=\"#0000FF\"]Primera Ley de Newton[/code][/b][/color]\r\n\r\nPara poder entender plenamente la primera Ley de Newton o la Ley de la Inercia es necesario saber la definición de inercia la cual se describe mas adelante: \r\nEn física, la inercia es la propiedad de los cuerpos de resistirse al cambio del movimiento, es decir, es la resistencia al efecto de una fuerza que se ejerce sobre ellos. Como consecuencia, un cuerpo conserva su estado de reposo o movimiento uniforme en línea recta si no hay una fuerza actuando sobre él.\r\nEn Resumen la inercia es la propiedad de un cuerpo a permanecer en su estado de reposo hasta que se le aplique una fuerza.\r\n\r\nEn la imagen se puede observar un señor con un arco y flecha listo a disparar la flecha esta en reposo pero cuando el señor liber el resolte o cordon esta saldra disparada por existira una furza que rompa su estado de reposo, un ejemplo clasico de Inercia\r\n\r\n[img=\"http://img259.imageshack.us/img259/4461/gmvectorenth6.jpg\"]\r\n\r\nCon esta definición podemos ver claramente la sentencia de la primera ley la cual nos dice:\r\n[code][b]\"Todo cuerpo permanecerá en su estado de reposo o movimiento uniforme y rectilíneo a no ser que sea obligado por fuerzas impresas a cambiar su estado\"[/code][/b]\r\n\r\nEsta ley postula, por tanto, que un cuerpo no puede cambiar por sí solo su estado inicial, ya sea en reposo o en movimiento rectilíneo uniforme, a menos que se aplique una fuerza o una serie de fuerzas cuyo resultante no sea nulo sobre él. Newton toma en cuenta, así, el que los cuerpos en movimiento están sometidos constantemente a fuerzas de roce o fricción, que los frena de forma progresiva, algo novedoso respecto de concepciones anteriores que entendían que el movimiento o la detención de un cuerpo se debía exclusivamente a si se ejercía sobre ellos una fuerza, pero nunca entendiendo como esta a la fricción.\r\n\r\nEn consecuencia, un cuerpo con movimiento rectilíneo uniforme implica que no existe ninguna fuerza externa neta o, dicho de otra forma, un objeto en movimiento no se detiene de forma natural si no se aplica una fuerza sobre él. En el caso de los cuerpos en reposo, se entiende que su velocidad es cero, por lo que si esta cambia es porque sobre ese cuerpo se ha ejercido una fuerza neta.\r\n\r\nEn el siguiente video tenemos un ejemplo mas claro de la primera ley de Newton\r\n\r\n\r\n[youtube=\"YcTVTaSfZbc\"]\r\n\r\n¿Por qué la moneda no se mueve y cae al vaso?\r\nLa respuesta es fácil ya que como la moneda se encontraba en reposo por la primera ley de Newton esta tiende a seguir en reposo pero al quitarle la superficie la fuerza de gravedad lo jala hacia abajo\r\n\r\nCon esto terminamos este segundo post de Física 2, dudas en los comentarios se despide Medulsed para terminar una imagen de Creepie hasta otra\r\n\r\n[img=\"http://sp8.fotolog.com/photo/8/49/105/aikawa_tsuki/1226747494787_f.jpg\"]\r\n',1,1,0),(20,'The Big Bang Theory primera temporada',13,35,'2010-05-18 03:51:15','2010-05-18 04:08:00','','Hola Codeconeros, o codeusers o codelosea aqui Medulsed aca les dejo los links de  la primera temporada de bing bang theory para quien las quiera!!!\r\n\r\n[img=\"http://i40.tinypic.com/izlqps.jpg\"]\r\n\r\nTitulo (original) : the big bang theory \r\nIdioma : español latino \r\nTamaño : entre 45mb y 80mb X capitulo \r\nFormato : MP4(MPEG-4) \r\nDuracion : 20min aproximadamente X capitulo \r\n\r\n\r\nLa Teoria Bel Big Bang - 1X01 - \"Piloto\" \r\nhttp://www.mediafire.com/?2gny2ntyfv2 \r\n\r\nLa Teoria Del Big Bang 01x02 \"La hipotesis del gran cerebro\" \r\nhttp://www.mediafire.com/?z3nz42nnz4n \r\n\r\nLa Teoria Del Big Bang 01x03 \"El Corolario Del Gato Con Botas\" \r\nhttp://www.mediafire.com/?tnmttznhzfw \r\n\r\nLa Teoria Del Big Bang 01x04 \"El Efecto Luminoso Del Pez\" \r\nhttp://www.mediafire.com/?bomuoyyzrib \r\n\r\nLa Teoria Del Big Bang 01x05 \"El Postulado De La Hamburgesa\" \r\nhttp://www.mediafire.com/?n3kw3jng0ld \r\n\r\nLa Teoria Del Big Bang 01x06 \"El Paradigma De La Tierra Media\" \r\nhttp://www.mediafire.com/?jnhehinhqg3 \r\n\r\nLa Teoria Del Big Bang 01x07 \"La Paradoja Del budin\" \r\nhttp://www.mediafire.com/?5wzm0l2yiww \r\n\r\nLa Teoria Del Big Bang 01x08 \"El Experimento Del Saltamontes\" \r\nhttp://www.mediafire.com/?jwiyqd1ygrd \r\n\r\nLa Teoria Del Big Bang 01x09 \"La Polarizacion De Cooper-Hofsatler\" \r\nhttp://www.mediafire.com/?1j3ttziirtn \r\n\r\nLa Teoria Del Big Bang 01x10 \"La Resultante De Loobenfeld\" \r\nhttp://www.mediafire.com/?mimmvxm1tyn \r\n\r\nLa Teoria Del Big Bang 01x11 \"La Nomalia Del Plato Para Panques\" \r\nhttp://www.mediafire.com/?w0y5z0jjadd \r\n\r\nLa Teoria Del Big Bang 01x12 \" La Dualidad De Jerusalén\" \r\nhttp://www.mediafire.com/?2zmjuzjln5g \r\n\r\nLa Teoria Del Big Bang 01x13 \"La Conjetura Del Bati-Frasco\" \r\nhttp://www.mediafire.com/?t22gjujzjxc \r\n\r\nLa Teoria Del Big Bang 01x14 \"La Aniquilación De Nerdvana\" \r\nhttp://www.mediafire.com/?jnozkywmwn2 \r\n\r\nLa Teoria Del Big Bang 01x15 \"La Indeterminación De La Chica\" \r\nhttp://www.mediafire.com/?mdwtxgzhqkz \r\n\r\nLa Teoria Del Big Bang 01x16 \"La Reaccion Del Mani\" \r\nhttp://www.mediafire.com/?e32ymmxdmgt \r\n  \r\n\r\ny como siempre me despido con una imagen  del dia \r\n\r\n[img=\"http://www.gulli.fr/var/jeunesse/storage/images/gulli/chaine-tv/dessins-animes/creepie/images/creepie/creepie-3/4372421-2-fre-FR/Creepie-3_432_320.png\"]',1,1,0),(21,'Hola Mundo con C++',14,19,'2010-05-19 00:57:29','2010-05-19 00:58:33','','Este mi primer post sirve para los que se inicien en el mundo de la programacion en c++.\r\neste lenguaje es basico, es el antecesor de Java y es muy util para empezar a entender como funciona.\r\nA continuacion mostrare el codigo para mostrar el \"Hola Mundo\" con el que empieza todo programador.\r\nEl codigo lo pueden realizar en cualquier editor de texto plano.\r\nPara ejecutar su codigo necesitan un compilador, este es el programa que ejecutara su codigo, les recomiendo para empezar Borland c++, lo pueden descargar buscandolo en Google.\r\nA continuacion se muestra el codigo:\r\n\r\n#include<stdio.h>\r\n#include<conio.h>\r\n\r\nvoid main(void)\r\n{\r\nclrscr();\r\nprintf(\"Hola Mundo\");\r\ngetch();\r\n}\r\n\r\nComo pueden ver es un codigo bastante simple, ahora les explicare para q sirve cada linea.\r\nLas primeras dos lineas que empiezan con \"#\" son las librerias de donde sacara las etiquetas; explico, para que su codigo funcione ocupan etiquetas que ejecutaran instrucciones, estas se encuentran en distintas librerias, estas dos son las principales, siempre se incia el codigo con las librerias.\r\nLa linea siguiente muestra que inicial el programa principal, y se abre con una llave.\r\nLa etiqueta \"clrscr()\" sirve para limpiar la pantalla cuando se ejecute, esto evita que se muestren caracteres que no deseamos, las etiquetas o instrucciones siempre se cierran con \";\" a excepcion de algunas que despues posteare.\r\nLa etiqueta \"printf()\" sirve para imprimir en pantalla, dentro de ella debe de ir entre comillas lo que se va a mostrar.\r\nLa etiqueta \"getch()\" sirve para mantener en la pantalla lo que muestran las instrucciones anteriores, esto hasta que se introduzca un Enter con el teclado.\r\nAl final se cierra el programa principal con una llave.',0,0,0),(23,'chivas vamos a ganar!!!',29,39,'2010-05-19 02:43:48','2010-05-19 02:43:48','','el partido de chivas contra libertad se ve que esta bueno, desgraciadamente no puedo verlo:(ç\r\n\r\n[youtube=\"guyHaPCUKPY\"]',1,1,0),(24,'Dibujo tecnico',30,26,'2010-05-19 20:35:27','2010-05-19 20:35:27','','[b]Buen dia[/b]\r\n\r\nHola a todos esta es la informacion sobre el tema de cortes de dibujo\r\n[url=\"www.google.com\"] aqui accedemos a google [/url]',1,0,0),(29,'Hello seahorse!',31,33,'2010-05-20 04:40:19','2010-05-20 04:47:24','','Banda de indie-experimental, formada en la ciudad Mexico.\r\nCompuesto por: Oro De Neta, Bonnz! y Lo Blondo.\r\n\r\nDiscografía\r\n\r\n...and the Jellyfish Parade (2007)\r\nHoy A Las Ocho (2008)\r\nBestia (2009)\r\nBESTIA (edicion especial) \r\n\r\n\r\nchequenlos :D \r\nwww.myspace.com/helloseahorse.... \r\n\r\n[IMG]http://i359.photobucket.com/albums/oo37/april_lee/laamo.jpg[/IMG]\r\n\r\n\r\n\r\n[IMG]http://i359.photobucket.com/albums/oo37/april_lee/loblon.jpg[/IMG] \r\n\r\n[color=\"#FF0000\"][/color]\r\n',1,0,0),(26,'World of Warcraft Wratch of the Lich King',13,36,'2010-05-20 03:58:10','2010-05-20 03:58:10','','Hola de nuevo codeusers aqui les habla Medulsed de nuevo esta vez presntando:\r\n\r\n[img=\"http://alteredconfusion.files.wordpress.com/2008/08/index-world-of-warcraft-logo.jpg\"]\r\n\r\n[code][b][color=\"#0000FF\"]Info del juego[/code] [/color][/b]\r\n\r\nWorld of Warcraft, comúnmente conocido como WoW, es un videojuego de rol multijugador masivo en línea desarrollado por Blizzard Entertainment. Es el cuarto juego lanzado establecido en el universo fantástico de Warcraft, el cual fue por primera vez introducido por Warcraft: Orcs & Humans en 1994.3 World of Warcraft toma lugar dentro del mundo de Azeroth, cuatro años después de los eventos en la conclusión de la anterior entrega de Warcraft, Warcraft III: The Frozen Throne.4 Blizzard Entertainment anunció World of Warcraft el 2 de septiembre de 2001.5 El juego fue lanzado el 23 de noviembre de 2004, celebrando el décimo aniversario de la franquicia Warcraft. La primera expansión del juego The Burning Crusade fue lanzada el 16 de enero del 2007.6 La segunda expansión, Wrath of the Lich King, fue lanzada el 13 de noviembre de 2008.7 La tercer expansión del juego World of Warcraft: Cataclysm fue anunciada en el BlizzCon 2009.8 9\r\nCon más de 11,5 millones de suscriptores mensuales,10 World of Warcraft es actualmente el MMORPG más grande del mundo en estos términos,7 11 12 y mantiene el récord Guiness por ser el MMORPG más popular.13 En abril de 2008, se estimó que World of Warcraft mantenía el 62% del mercado multijugador masivo en línea (MMOG).1\r\n\r\nEn el juego puedes ser la raza que tu quiereas y sexo asi como tabien poder modificar su aspecto.\r\n\r\n[code][b][color=\"#0000FF\"]Imagenes[/code][/b][/color]\r\n\r\n\r\n\r\n[img=\"http://ui06.gamespot.com/37/screenshot120206002637_2.jpg\"]\r\n\r\n[img=\"http://games.softpedia.com/screenshots/6-437_1.jpg\"]\r\n\r\n[img=\"http://www.rpggazette.com/includes/reviews/wow/images/tiger.jpg\"]\r\n\r\n[code][b][color=\"#0000FF\"]Descarga[/code][/b][/color]\r\n\r\nhttp://www.wowcore.es/descargas.php\r\n\r\nAhi se puede descargar el juego para mac o pc al igual que la descarga de parches.\r\n\r\n[code][b][color=\"#0000FF\"]Servidor Gratuito[/code][/b][/color]\r\n\r\nhttp://www.wowcore.es/\r\n\r\nEsa es la pgina de uno de los servidores gartuitos de wow solo es custión de crear una cuenta y bajar su lanzador para cambiar el realmists del juego y ajugar!!!\r\n\r\nTambien puden jugar en otros servers pero este es el que yo recomiendo\r\n\r\n\r\n\r\n[img=\"http://img267.imageshack.us/img267/8239/dwarf2wu3.jpg\"]\r\n\r\n[code][b][color=\"#0000FF\"]Videos de wow graciosos[/code][/b][/color]\r\n\r\n[youtube=\"WYHHntzruEg\"]\r\n\r\n[youtube=\"T7-HsfMfLdA\"]\r\n\r\n[youtube=\"XtjFK0_Mynw\"]\r\n\r\nAsi se despide Medulsed de ustedes hasta la proxima\r\n\r\n[img=\"http://farm4.static.flickr.com/3524/3275588093_84efdce034.jpg\"]',1,1,0),(27,'Starcraft  y su expansión',27,36,'2010-05-20 04:01:15','2010-05-27 00:58:59','','Bueno este es mi primer post hoy les vengo a dejar el juego stracraft disfrutenlo\r\n\r\n[img=\"http://www.juegosbuenos.es/wp-content/uploads/2009/10/starcraft.png\"]\r\n\r\n\r\n[img=\"\r\nhttp://www.elpixelilustre.com/wp-content/uploads/2009/12/starcraft.jpg\"]\r\n\r\n\r\n\r\n[img=\"http://chilenomac.files.wordpress.com/2009/09/starcraft.jpg\"]\r\n\r\n\r\n[img=\"http://pablort.com/wp-content/uploads/2010/01/starcraft_1.png\"]\r\n\r\n\r\nSinopsis: \r\nStarCraft es un videojuego de estrategia en tiempo real creado por Blizzard Entertainment. Inicialmente salió a la venta para Windows en 1998; después para Mac OS y Mac OS X en 1999 y, por último, para Nintendo 64 en 2000. \r\n\r\nSe encuentra ambientado en una historia futurista de ciencia ficción con gráficos 2D en perspectiva isométrica, en la que tres razas provinientes de distintos planetas, los Terran, Zerg y Protoss, luchan por la supremacía y la supervivencia. El nombre es compuesto, en inglés \"Star\" significa estrella y \"Craft\" nave o embarcación. La traducción literal sería \"Nave Estelar\" \r\n\r\nEn 1998 también se puso a la venta su única expansión oficial, StarCraft: Brood War. Se estima que juntos han conseguido vender 9\'5 millones de copias en todo el mundo (sin contar piratas). Tanto el juego como su expansión, cuentan con varias secuenciascinematográficas y una gran variedad de tipos de unidades. Además, el fabricante facilita un servidor gratuito, Battle.net, para que los jugadores puedan competir en el modo multijugador a través de internet. \r\n\r\nHa recibido varias actualizaciones en forma de parches, la versión más actual es la 1.15.2. Esta última versión hace dispensable el uso de disco compacto para poder jugar desde el disco duro. Las versiones anteriores han ido puliendo el juego haciendo que las razas fueran más equilibradas, eliminando errores de programación, mejorando la inteligencia artificial y realizando distintos agregados\r\n      \r\n[img=\"http://www.personal.psu.edu/pml5035/blogs/filteredjudgement/starcraft%20loading.jpg\"]\r\n\r\nRequerimiento: \r\n\r\nWindows: 95/98/Xp/7 \r\nMemoria Ram: 128 o Superior \r\nPlaca de Video: 64MB o Superior \r\nEspacio en Disco: Entre 600 a 700 MB \r\n\r\n\r\nLinks: \r\n\r\n1- http://www.megaupload.com/?d=RHK2AVKJ \r\n2- http://www.megaupload.com/?d=CXUC18FO \r\n3- http://www.megaupload.com/?d=WPE448ME \r\n4- http://www.megaupload.com/?d=3C6Q251B \r\n5- http://www.megaupload.com/?d=LZSTGVV9 \r\n6- http://www.megaupload.com/?d=RV37UX15 \r\n7- http://www.megaupload.com/?d=67IZ6KFP \r\n\r\nPass: shadowgt\r\n\r\n Y el Brood War que es la expansión de este juego \r\n\r\nStarCraft: Brood War (traducido como Guerra de razas) es la única expansión oficial del videojuego de estrategia StarCraft. Fue producida por Saffire y Blizzard Entertainment y publicada en 1998 en Estados Unidos y en 1999 en Europa. Incluye una nueva campaña para el juego individual que consta de tres capítulos que continuan la historia de StarCraft original, nuevas unidades, actualizaciones y tipos de terreno. StarCraft: Brood War pertenece al universo StarCraft creado por Blizzard Entertainment donde se engloban todos los productos relacionados con la saga.\r\n\r\n[img=\"http://www.bajenlo.com/wp-content/uploads/2007/07/parche_starcraft_broodwar.jpg\"]\r\n\r\n\r\nLINKS\r\n\r\nhttp://www.megaupload.com/?d=P728J68W \r\nhttp://www.megaupload.com/?d=TVVR1E6V \r\nhttp://www.megaupload.com/?d=Y626M2MI \r\nhttp://www.megaupload.com/?d=Q29523PE \r\nhttp://www.megaupload.com/?d=TAQE5IO0 \r\nhttp://www.megaupload.com/?d=QMTJ94R0 \r\nhttp://www.megaupload.com/?d=SMCJ2PVD \r\nhttp://www.megaupload.com/?d=CNN4VOD0 \r\nhttp://www.megaupload.com/?d=PMR1N9EJ \r\nhttp://www.megaupload.com/?d=UJ1X1205 \r\nhttp://www.megaupload.com/?d=XECADIAY \r\nhttp://www.megaupload.com/?d=TX57AFI7 \r\nhttp://www.megaupload.com/?d=MEB0TQGO >>> Archivo .sfv de comprobación de ficheros\r\n\r\n\r\nY Los que necesiten cd keys originales para broodwar starcraft aqui les dejo varios. \r\n\r\nhttp://www.megaupload.com/?d=L84CZGQN \r\n\r\n\r\nGracias espero que lo disfruten\r\n\r\nAsta la proxima\r\n\r\n\r\n\r\n\r\n',1,1,0),(28,'Logorama [1 y 2]',2,35,'2010-05-20 04:31:41','2010-05-20 05:49:10','','que onda codeusers!\r\naki reportandose pepo27\r\ny dejandoles unos videos d lujo\r\nhaha\r\nchekenlos\r\nno por algo ganaron el oscar\r\nsale\r\nme despido\r\n[youtube=\"VOa2UHdy_YM\"]\r\n[youtube=\"http://www.youtube.com/watch?v=UfUDuyCs1nM&feature=related\"] ',1,1,100),(33,'200 una meta en proceso',13,2,'2010-05-20 05:50:01','2010-05-22 16:12:50','','Hola codeusers, la meta de InSysDev:\r\n[img=\"http://www.insysdev.co.cc/img/logo1.jpg\"]\r\n\r\nes de tener 200 personas en Codecomm ayudanos mencionando nuestra pagina a todos tus conocidos\r\n\r\n[img=\"http://2.bp.blogspot.com/_A7Zyv9cA4pU/Srvde3rlqCI/AAAAAAAAAVQ/cXe9CBVLIK4/s400/gritar.jpg\"]\r\n\r\n[code]Cumplamos esta meta entre todos[/code]\r\n\r\n[img=\"http://gonzo22.files.wordpress.com/2008/11/gente_normal.jpg\"]\r\n\r\nSe despide Medulsed \r\n\r\n[img=\"http://old.blog.emarts.pe/stuff/2008/01/growing-up-creepie.thumbnail.jpg\"]',1,0,0),(31,'BMX-NATHAN WILLIAMS',32,35,'2010-05-20 05:12:36','2010-05-20 20:03:07','','Nathan Williams, one of my favourite riders. Awesome video and riding.\r\n[color=\"#4169E1\"]OK ESTE ES UN VIDEO DE NATHAN WILLIAMS ES UN RIDER ECEPCIONAL NUNCA SERE COMO EL PERO BUENO\r\nESTA CHIDO[/color]\r\n[youtube=\"http://www.youtube.com/watch?v=yzAQ7WmxXmk\"]]\r\n',1,1,0),(36,'muchos libros online',2,15,'2010-05-20 23:52:41','2010-05-20 23:52:41','','http://new.taringa.net/posts/ebooks-tutoriales/1821250/133-Libros-for-Dummies---Alguno-seguro-que-bajas!.html\r\n\r\naki descargan demasiados libros m dio weba pensar',1,1,100),(37,'BMX-DAKOTA ROCHE INSIGHT VIDEO',32,35,'2010-05-21 03:44:58','2010-05-21 03:44:58','','[img=\"http://digbmx.mpora.com/resources/images/digthis/dakframe.jpg\"]\r\n[img=\"http://sgbmx.files.wordpress.com/2010/04/dakota-roche-cult-bike-check1.jpg\"\r\n][img=\"http://www.elicitconcepts.com/blog/photos/guelphDirt/dakota.jpg\"]\r\n[img=\"http://bmx.transworld.net/files/2008/09/22/dakota-hop.591x600.jpg\"]\r\n[img=\"http://goodsbmxteam.files.wordpress.com/2009/01/dakota1.jpg\"]\r\n[color=\"#008000\"]DAKOTA ROCHE[/color]\r\n\r\n\r\n[youtube=\"http://www.youtube.com/watch?v=gzJxXXZO1Rk\"][code]SEE THE VIDEO!!!!!!!!!!!!!!!!!!!!!!!!!!!!![/code]',1,1,0),(32,'Politecnicos huelum',13,27,'2010-05-20 05:35:06','2010-05-20 05:35:06','','\r\n[img=\"http://www.scouts.org.mx/cnc/documents/25/htmlimport_Logo20IPN.jpg\"]\r\n\r\n¡Huélum, Huélum, Gloria!\r\n¡A la Cachi Cachi Porra!\r\n¡A la Cachi Cachi Porra!\r\n¡Pim Pom Porra!\r\n¡Pim Pom Porra!\r\n¡Politécnico, Politécnico, Gloria!\r\n\r\nSoy politécnico porque aspiro a ser todo un hombre.\r\nSoy politécnico porque exijo mis deberes antes que mis derechos.\r\nSoy politécnico por convicción y no por circunstancia.\r\nSoy politécnico para alcanzar las conquistas universales y ofrecerlas a mi pueblo.\r\nSoy politécnico porque me duele la patria en mis entrañas y aspiro a calmar sus dolencias.\r\nSoy politécnico porque ardo en deseos de despertar al hermano dormido.\r\nSoy politécnico para prender una antorcha en el altar de la Patria.\r\nSoy politécnico porque me dignifico y siento el deber de dignificar a mi Institución.\r\nSoy politécnico porque mi respetada libertad de joven y estudiante me impone la razón de respetar este recinto.\r\nSoy politécnico porque traduzco la tricromía de mi bandera como trabajo, deber y honor.',1,1,0),(34,'aki en expo batiz',2,35,'2010-05-20 19:32:55','2010-05-20 19:32:55','','[b]hola buen dia a todos aki subiendo un post[/b]\r\n\r\n[youtube=\"MP2Et3zU5ng\"]\r\n[img=\"http://m.ecomments.com/ec/images/i/84/8415bd59944e214f10746ddb1380ccde.jpg\"]\r\n',1,1,100),(35,'BMX-SEAN RICANY',32,35,'2010-05-20 20:01:33','2010-05-21 03:36:38','','[color=\"#008000\"]Este jovencito es patrocinado por premium bmx desde los 11 años, practica bmx desde hace tres años y se espera pronto se vuelva uno de los mejores a nivel profesional[/color]\r\n[color=\"#FF0000\"]ESPERO LES GUSTE EL VIDEO...ZUERTE[/color]\r\n[youtube=\"http://www.youtube.com/watch?v=dot3VCVc06k\"]',1,1,0),(38,'BMX-DAKOTA ROCHE HOW TO DO A 360',32,35,'2010-05-21 03:55:44','2010-05-21 03:55:44','','[color=\"#1E90FF\"]This professional rider shows you how to do a perfect 360 bunny hop on flat. Its insane, amazing, awesome, wonderful, no more words just enjoy!!!!!\r\n[/color][youtube=\"http://www.youtube.com/watch?v=stn5N2L6VQ0\"]',1,1,0),(39,'BMX-TY MORROW BIOGRAPHY (PRO RIDER)',32,39,'2010-05-21 04:08:03','2010-05-22 15:23:21','','Ty Morrow \r\n\r\nIs professional BMX rider from Florida who has gained a die hard fan base through a few Federal Bikes web videos featuring him destroying poor spots in Europe. These unsuspecting gaps and ledges and stairsets were just proud little obstacles until Ty got his bike on them. Now these poor spots will forever lie in BMX history as \"dominated\" or \"owned\".\r\n\r\nSeriously, Ty Morrow has more pop in everything he does than any other rider out there. He hops higher than you. He also does any othre trick, barspins and whips, higher than you. He rides for Federal Bikes, Vans Shoes, and Staff BMX.\r\n\r\nDan Lacey\r\n\r\nDan Lacey is a professional BMX rider from England with one of the best styles in street riding. Sponsored by Federal, Primo, and Lotek, he has risen above bars he may never thought possible with the power of the internet. Web videos have served him well as people drool while waiting for the next Federal video to drop with some Dan Lacey clips.\r\n\r\nHe\'s not just a street rider either. You see him 360 that spine in the Ty Morrow Federal video? It was literally half way between a 360 and a backflip... let\'s just call it an inverted 360 so my brain doesn\'t hurt.\r\n\r\n\r\n[code]Aqui estuvo Misifus[/code]\r\n\r\n\r\n\r\n[youtube=\"http://www.youtube.com/watch?v=9bz8HSKE5Ss\"][img=\"http://digbmx.mpora.com/resources/images/random-photo-ops/tygalthumb.jpg\"][img=\"http://4.bp.blogspot.com/_4RljefQFgPs/SCwb0SNkcAI/AAAAAAAAAKQ/mgTiNDNsDn8/s1600/lacey-turndown-federal.jpg\"]',1,1,0),(57,'Plants vs Zombies',13,36,'2010-05-25 02:34:51','2010-05-25 02:34:51','','[img=\"http://pcmedia.ign.com/pc/image/article/969/969145/plants-vs-zombies-20090402114225619_640w.jpg\"]\r\n\r\nPlantas Vs. Zombies es un divertido juego de PopCap Games, el especialista que ha acaparado el mercado de los juegos casuales. Este título, en inglés Plants Vs Zombies, es en realidad un de sus juegos mas grandes. \r\nPlants vs Zombies presenta un estilo caricaturesco que es para morirse de risa. A lo largo del juego podrás ver zombies con conos en la cabeza, vestidos de atleta (con pértiga incluida), de jugadores de fútbol americano y hasta algunos con salvavidas con forma de patito… muy a la moda... \r\nEl juego es del tipo defensa de torres, con agradables gráficos, y que en un principio parece ultra sencillo, pero no se dejen engañar, despues se pone bastante mas complicado. En fin, un juego refrescante, que PopCap games sabe hacer muy bien. \r\nPero no hay solo una campaña principal, sino que también ofrece otros modos de juego que varían un poco el estilo. Esto es solo un vistazo de lo que ofrece Plants vs. Zombies, porque también hay algunos minijuegos, puzzles y hasta en algunos momentos puedes controlar a los zombies mismos. \r\n\r\n[code]Link [/code]\r\n\r\nhttp://www.megaupload.com/?d=K8ADIXYV\r\n\r\n[img=\"http://ferv0r.files.wordpress.com/2009/05/tower_plantszombies1.jpg\"]\r\n\r\n[img=\"http://www.milliamp.com/blog/wp-content/uploads/2010/02/plants-vs-zombies-big-051.jpg\"]\r\n\r\n[youtube=\"0N1_0SUGlDQ\"]\r\n\r\nSe despide Medulsed hasta otra\r\n\r\n[img=\"http://www.aolcdn.com/ch_kids/growing-up-creepie-300-032707.jpg\"]',1,1,0),(52,'Proximas metas!!!!',2,2,'2010-05-22 03:51:52','2010-05-28 04:24:06','','[color=\"#FF0000\"][align=\"center\"][b]Proximas Metas CodeComm[/b][/align][/color]\r\n\r\n[color=\"#FF0000\"][align=\"center\"][b][s]Mejorar BBCODE[/s][/b][/align][/color]\r\n\r\n[s]Sugerencias que se tomaran en cuenta, se mejorara el ambiente para el desarrollo de post, mensajes privados entre usuarios y las proximas creaciones de preguntas para subir a [b]Codesphere[/b][/s]\r\n\r\n[align=\"center\"][size=\"200\"][color=\"#1E90FF\"]Hecho!!!![/color][/size][/align]\r\n\r\n[color=\"#FF0000\"][align=\"center\"][b][u][i]Codesphere[/i][/u][/b][/align][/color]\r\n\r\nQuien no ha visitado yahoo answers???, un foro en linea, o simplemente busca informacion dentro de la web....Que te pareceria k dentro de una comunidad, se te aclararan tus dudas de manera general...\r\n\r\nEso es Codesphere....el yahoo answers de Batiz\r\n\r\n[color=\"#FF0000\"][align=\"center\"][b][u][i]Depurar variables y limpiar codigo[/i][/u][/b][/align][/color]\r\n\r\njeje, es genial reutilizar variables pero.... es mejor tener un codigo legible... se realizaran pequeños cambios.\r\n\r\n[color=\"#FF0000\"][align=\"center\"][b][u][i]Mejorar vista a Internet Explorer[/i][/u][/b][/align][/color]\r\n\r\nsi lo sabemos medio mundo lo usa y lo usan especificamente los de la OMI xD, pero en fin, haremos la vista mas agradable a ese feo navegador :S, pero en fin... obvio en firefox,chrome,opera y safari se vera mucho mejor :D\r\n\r\n[color=\"#FF0000\"][align=\"center\"][b][u][i]Crear un buscador[/i][/u][/b][/align][/color]\r\n\r\nsi todo va conforme a los planes... se creara un buscador facil de usar....\r\n\r\n[color=\"#FF0000\"][align=\"center\"][b][u][i]Aumentar el numero de temas[/i][/u][/b][/align][/color]\r\n\r\nespero se contacten con los administradores por mensaje privado les dejo los nombres:\r\n\r\n[b]Neo Adonis[/b]\r\n[b]pepo27[/b]\r\n\r\npara ver k tipo d temas les agradaria....\r\n\r\n[color=\"#FF0000\"][align=\"center\"][b][u][i]checar mas bugs[/i][/u][/b][/align][/color]\r\n\r\nesperamos contar con el apoyo de la comunidad para poder encontrar mas bugs\r\n\r\n\r\n\r\n[color=\"#91a6E0\"]por el momento se les despide su amigo pepo27[/color]\r\n\r\n[color=\"#FF0000\"][i]Heads I win...Tails You Lose...You\'ll never be more than second best...[/i][/color]\r\n\r\n[youtube=\"evb-7pODBog\"] \r\n\r\n',1,1,100),(58,'Halo Custom Edition[Multiplayer][Mediafire]',2,36,'2010-05-25 03:04:33','2010-05-25 03:05:30','','[color=\"#FF0000\"][align=\"center\"][u][i][b]Halo Custom Edition[/b][/i][/u][/align][/color]\r\n\r\n[b][i]Buen dia codeusers!!![/b] pues aqui les dejo un clasico a nivel progra xD haha el halo modificado para jugar en modo multijugador en redes lan y por internet!!!![/i]\r\n\r\n[b]Descripcion:[/b]\r\n\r\nEsta version de Halo Custom Edition es una version compacta del juego original Halo Combat Evolved, fue creada por la comunidad de halo para jugar contenido nuevo creado como nuevos mapas, armas y vehiculos. Tambien fue eliminado el modo historia, quedando solo el modo multijugador para jugar exclusivamenteen internet online\r\n\r\n\r\n[b]Requerimientos:[/b]\r\n\r\n-Pentium III 733 MHz,\r\n-Tarjeta de vídeo 128 MB, con soporte para DirectX 9\r\n-256 MB de RAM,\r\n-470 de disco\r\n\r\n\r\n[b]Caracteristicas:[/b]\r\n\r\n- Solo es para jugar online\r\n- Puedes añadir nuevo contenido\r\n- Portable\r\n- No se instala\r\n- Full todo listo para jugar\r\n\r\n\r\n\r\n[code]Capturas de pantalla[/code]\r\n\r\n[IMG]http://i49.tinypic.com/219dx8h.jpg[/IMG]\r\n\r\n[IMG]http://i49.tinypic.com/2j3mxq1.jpg[/IMG]\r\n\r\n[IMG]http://i49.tinypic.com/ercq5l.jpg[/IMG]\r\n\r\n[spoiler]Una linea negra xD[/spoiler]\r\n\r\n\r\n[size=\"150\"][color=\"#FF0000\"][align=\"center\"][u][i][b]Descarga abajo!!![/b][/i][/u][/align][/color][/size]\r\n\r\n[url=\"http://www.mediafire.com/?zwcty3jgzyn\"]http://www.mediafire.com/?zwcty3jgzyn[mediafire][/url]\r\n\r\n\r\n[color=\"#91a6E0\"]por el momento se les despide su amigo pepo27[/color]\r\n\r\n[color=\"#FF0000\"][i]Heads I win...Tails You Lose...You\'ll never be more than second best...[/i][/color]\r\n\r\n[youtube=\"evb-7pODBog\"] ',1,1,100),(59,'Sabian que todos lo que hicieron codecomm son pros?',15,39,'2010-05-25 13:07:48','2010-05-25 13:09:51','','Si lo son. Si lo son.Si lo son.Si lo son.Si lo son.Si lo son.Si lo son.Si lo son.Si lo son.Si lo son.Si lo son.Si lo son.Si lo son.Si lo son.Si lo son.Si lo son.Si lo son.Si lo son.Si lo son.Si lo son.Si lo son.Si lo son.Si lo son.Si lo son.Si lo son.Si lo son.Si lo son.Si lo son.Si lo son.Si lo son.Si lo son.Si lo son.Si lo son.Si lo son.Si lo son.Si lo son.Si lo son.Si lo son.Si lo son.Si lo son.Si lo son.Si lo son.Si lo son.Si lo son.Si lo son.Si lo son.Si lo son.Si lo son.Si lo son.Si lo son.Si lo son.Si lo son.Si lo son.Si lo son.Si lo son.',0,0,0),(61,'Batinga no rifa',3020,39,'2010-05-25 13:26:19','2010-05-26 01:41:06','','Sabian que batinga esta del asco y que esta pagina esta mejor por mucho?\r\n\r\nY ademas tienen una mascota de color (azul).\r\nY ademas tienen una mascota de color (azul).Y ademas tienen una mascota de color (azul).Y ademas tienen una mascota de color (azul).Y ademas tienen una mascota de color (azul).Y ademas tienen una mascota de color (azul).Y ademas tienen una mascota de color (azul).\r\n\r\n[que por cierto es un comegalletas debido a que los administradores de batinga no tuvieron demasiada creatividad para hacer algo mejor y se roban las ideas de otras cosas ;D]\r\n\r\nOtro dato curioso\r\n\r\n[code]Batinga is a village in the Kombissiri Department of Bazèga Province in central Burkina Faso. The village has a population of 418.\r\n\r\n\r\n[/code]',1,1,0),(63,'como conseguir mas usuarios',3018,3,'2010-05-25 18:24:12','2010-05-25 21:48:23','','[b]que tal si tres personas se encargan de un piso (en total tres) y pasar en ucada salon del piso a escrbir la pagina y recomendar asi tener mas usuario y bien que uds actualizen la pagina jaja\r\nbueno si necesitan ayuda espero hacer algo, por lo mientras rifense, valep, a yo ya me encarge del primer piso jaja[/b]',1,1,0),(64,'Malcolm el de enmedio - Primera Temporada [Latino]',27,35,'2010-05-26 02:27:25','2010-05-26 02:28:13','','[img=\"http://www.erik-france.com/images/filmographie/mal.jpg\"]\r\n\r\nGénero: Comedia \r\nIdioma: Español Latino \r\nPeso: 100 MB Aprox (Por Capitulo) \r\nHost: MegaUpload y RapidShare (Proximamente HotFile) \r\n\r\nSinopsis: \r\n\r\nMalcolm es un niño muy inteligente y perceptivo que se complicará terriblemente la vida cuando tiene que vivir con su familia. Su madre es una mujer histérica que se la pasa regañando a todo el mundo y dando órdenes, pero en el fondo es buena persona y quiere mucho a su marido y a sus hijos. \r\n\r\nEl personaje que te hará explotar en carcajadas es el papá de Malcolm, un clásico empleado que bebe cerveza, tiene vello en todo el cuerpo, y le gusta corretear a su esposa desnudo por la casa, sin importar que Malcolm y sus hermanos anden por ahí. \r\nSus hermanos harán que Malcolm pierda la paciencia. Francis, el hermano mayor, por desobediente fue internado en una escuela militar y suele ser agresivo. Reese, el menor, es un verdadero buscapleitos y le encanta estar golpeando a otros chicos. Y Dewey es un chico pequeño hiperactivo. Todos hacen que esta familia sea única en su género. \r\n\r\nDescarga: \r\n\r\n01 – Piloto \r\nMegaupload: \r\nhttp://www.megaupload.com/?d=5QU7XAVD \r\nRapidshare: \r\nhttp://rapidshare.com/files/260693392/malcom-1_episodio-temporada_1.rar \r\n\r\n02 – El vestido Rojo \r\nMegaupload: \r\nhttp://www.megaupload.com/?d=QF2OT760 \r\nRapidshare: \r\nhttp://rapidshare.com/files/260693687/malcom-el_vestido_rojo.rar \r\n\r\n03 – Solos en casa \r\nMegaupload: \r\nhttp://www.megaupload.com/?d=V1WJHHDH \r\nRapidshare: \r\nhttp://rapidshare.com/files/260695070/malcom-malcon_ni_era.rar \r\n\r\n04 – Vergüenza \r\nMegaupload: \r\nhttp://www.megaupload.com/?d=JD2TQN7Q \r\nRapidshare: \r\nhttp://rapidshare.com/files/260695138/malcom_verguenza.rar \r\n\r\n05 – Malcolm cuida niños \r\nMegaupload \r\nhttp://www.megaupload.com/?d=V1WJHHDH \r\nRapidshare: \r\nhttp://rapidshare.com/files/260695070/malcom-malcon_ni_era.rar \r\n\r\n06 – Sleepover \r\nMegaupload: \r\nhttp://www.megaupload.com/?d=9K184HPK \r\nRapidshare: \r\nhttp://rapidshare.com/files/260696152/malcom_mis_pobres_angelitos.rar \r\n\r\n07 – Francis se escapa \r\nMegaupload: \r\nhttp://www.megaupload.com/?d=VQUP4IDI \r\nRapidshare: \r\nhttp://rapidshare.com/files/260694614/malcom_francis_escapa.avi \r\n\r\n08 – Krelboyne picnic \r\nMegaupload: \r\nhttp://www.megaupload.com/?d=O0DUIWQS \r\nRapidshare: \r\nhttp://rapidshare.com/files/260694661/malcolm_dia_de_campo.avi \r\n\r\n09 – Lois contra el mal \r\nMegaupload: \r\nhttp://www.megaupload.com/?d=C6P1SVJX \r\nRapidshare: \r\nhttp://rapidshare.com/files/260696014/malcom_lois_contra_el_mal.avi \r\n\r\n10 – Carreras de coches \r\nMegaupload: \r\nhttp://www.megaupload.com/?d=1Z3057KB \r\nRapidshare: \r\nhttp://rapidshare.com/files/260696313/malcom_las_carreras.avi \r\n\r\n11 – El funeral \r\nMegaupload: \r\nhttp://www.megaupload.com/?d=F989M43W \r\nRapidshare: \r\nhttp://rapidshare.com/files/260695875/malcom_el_funeral.avi \r\n\r\n12 – El animador \r\nMegaupload: \r\nhttp://www.megaupload.com/?d=X85N6NBX \r\nRapidshare: \r\nhttp://rapidshare.com/files/260694253/malcom_el_animador-.avi \r\n\r\n13 – Patinando \r\nMegaupload: \r\nhttp://www.megaupload.com/?d=SUNKAPRJ \r\nRapidshare: \r\nhttp://rapidshare.com/files/260694318/malcolm_los_patinadores_13.rar \r\n\r\n14 – Los robots y las abejas \r\nMegaupload: \r\nhttp://www.megaupload.com/?d=GXGFOGPY \r\nRapidshare: \r\nhttp://rapidshare.com/files/260694455/malcolm_robots_VS_abejas14.rar \r\n\r\n15 – Hoy es lunes \r\nMegaupload: \r\nhttp://www.megaupload.com/?d=YRLAVQEX \r\nRapidshare: \r\nhttp://rapidshare.com/files/260692995/malcolm_domingo_lunes_15.rar \r\n\r\n16 – Parque acuático \r\nMegaupload: \r\nhttp://www.megaupload.com/?d=8AY5Z9TK \r\nRapidshare: \r\nhttp://rapidshare.com/files/260696546/malcom_parque_acuatico.avi \r\n\r\n\r\n',1,1,0),(65,'La teoria del Big Bang 2da temporada',13,35,'2010-05-28 02:16:08','2010-06-01 02:39:34','','Hola code users hoy les traigo la segunda temporada de la seri la teoria del Big Bang\r\n\r\n[img=\"http://i552.photobucket.com/albums/jj329/DrDoom/Vagos/TheBigBangTheory2.jpg\"]\r\n\r\nTitulo: La Teoria del Big Bang (The Big Bang Theory) [23/23] \r\nIdioma: Español Latino \r\nFormato: MP4 (Ligero) \r\nDuracion: 20 minutos x episodio aprox. \r\nResolucion: 624 x 352 \r\nTamaño: Aprox. entre 45 y 55 MB \r\nCalidad: Buena\r\n\r\n\r\n[code]Links rotos en construccion\r\n[img]http://www.dffsaustralia.com.au/photo_gallery/under_construction_animated.gif[/img]\r\n[img]http://www.free-animations.co.uk/words/under_construction/images/under_construction_56.gif[/img]\r\n[img]http://www.pagrandlodge.org/district60/226/images/animated_under-construction_239x258.gif[/img][/code]\r\n\r\nBueno se despide Medulsed hasta la otra\r\n\r\n[img=\"http://especiales.plus.es/media/PAGINADIGITALPLUS/Infantiles/200801/creepie250X280.jpg\"]',1,1,0),(66,'Parkour [Damien Walters]',3023,35,'2010-05-28 02:42:50','2010-05-28 02:42:50','','Aqui les dejo unos videos de este we que esta bien loco solo vean los videos. XD\r\n[youtube=\"http://www.youtube.com/watch?v=cNvJy0zoXOY\"][youtube=\"http://www.youtube.com/watch?v=5MeiwLLZjDo\"]',1,0,0),(70,'Medabots primera temporada',13,35,'2010-06-01 00:44:00','2010-06-01 00:44:00','','[img]http://i21.tinypic.com/33jsqba.jpg[/img]\r\n\r\nEn Taro Adun  Codeusers para todos aquellos que les gustaba esta serie donde robots pelean y se matan entre ellos xd. Les traigo toda la primera temporada de Medabots. disfruten.\r\n\r\n\r\nCapitulo 01: http://www.megaupload.com/?d=4AQBQHQ6\r\n\r\nCapitulo 02: http://www.megaupload.com/?d=KGDD1250\r\n\r\nCapitulo 03: http://www.megaupload.com/?d=H6RHA3ML\r\n\r\nCapitulo 04: http://www.megaupload.com/?d=RGMENMIC\r\n\r\nCapitulo 05: http://www.megaupload.com/?d=X3O2OAFZ\r\n\r\nCapitulo 06: http://www.megaupload.com/?d=GV19K743\r\n\r\nCapitulo 07: http://www.megaupload.com/?d=BFGHF05F\r\n\r\nCapitulo 08: http://www.megaupload.com/?d=B1V3ZUJJ\r\n\r\nCapitulo 09: http://www.megaupload.com/?d=QO95T0Q5\r\n\r\nCapitulo 10: http://www.megaupload.com/?d=1DDU0QD3\r\n\r\nCapitulo 11: http://www.megaupload.com/?d=WCWPCQX0\r\n\r\nCapitulo 12: http://www.megaupload.com/?d=1TGEQYHK\r\n\r\nCapitulo 13: http://www.megaupload.com/?d=Q830BXJD\r\n\r\nCapitulo 14: http://www.megaupload.com/?d=N0W28P21\r\n\r\n\r\nLa continuacion es de calidad un poco mas baja q la anterior  \r\n\r\n\r\nCapitulo 15: http://www.megaupload.com/?d=L5PWOLFH\r\n\r\nCapitulo 16: http://www.megaupload.com/?d=P9VJ1G0V\r\n\r\nCapitulo 17: http://www.megaupload.com/?d=T7B8QI6L\r\n\r\nCapitulo 18: http://www.megaupload.com/?d=W1HTJGQL\r\n\r\nCapitulo 19: http://www.megaupload.com/?d=AD6RTHIU\r\n\r\nCapitulo 20: http://www.megaupload.com/?d=76AU3HHG\r\n\r\nCapitulo 21: http://www.megaupload.com/?d=QGGZTDLE\r\n\r\nCapitulo 22: http://www.megaupload.com/?d=LMJ4RYZO\r\n\r\nCapitulo 23: http://www.megaupload.com/?d=CVL11QQ0\r\n\r\nCapitulo 24: http://www.megaupload.com/?d=LAJ2YSVF\r\n\r\nCapitulo 25: http://www.megaupload.com/?d=7LT184FE\r\n\r\nCapitulo 26: http://www.megaupload.com/?d=ZAOAM03F\r\n\r\n[youtube=\"ldcPZEToXvU\"]\r\n\r\nBueno se despide Medulsed hasta la otra Recuerden que Adun nos guarde.\r\n\r\n[img]http://www.aolcdn.com/ch_kids/growing-up-creepie-300-032707.jpg[/img]\r\n',1,1,0),(71,'Batinga! no Rifa!!!',10,39,'2010-06-05 23:04:58','2010-06-06 02:45:02','','[b]:), [color=\"#4169E1\"]Batinga![/color] NO CHIZPA Y NO RIFA (A LA VEZ).\r\n\r\nSEGURAMENTE, NO ME [color=\"#FF0000\"][size=\"200\"]BANEARÁN[/size][/color] Y NO [color=\"#008000\"][size=\"200\"]MODIFICARÁN[/size][/color] MI POST, ASÍ QUE, GRACIAS POR DEJARME POSTEAR\r\n\r\n[spoiler][img]http://4.bp.blogspot.com/_qiQ9RzkWiY0/ShI7Ly5ME8I/AAAAAAAAACo/MdcGO87IXL0/S660/come+galletas.jpg[/img][/spoiler]\r\n\r\nADEMÁS, CADA VEZ QUE UNO EDITA LOS POST, DEBE DE SELECCIONAR QUE SE ACEPTE BBCODE Y ELEGIR LA SUBCATEGORÍA, ESO DA FLOJERA (MUCHA)[/b]\r\n\r\n\r\n [align=\"center\"]¬¬, NO PUEDEN CENTRAR TEXTO[/align]\r\n\r\nPERDONEN SOY UN IDIOTA Y NO SE COMO CENTRARLO PERO BETO YA ME DIJO COMO GRACIAS !!!',1,1,0),(76,'Lista bbcode [Version 1.0]',2,2,'2010-06-10 18:52:31','2010-06-10 18:52:31','','[size=\"200\"][align=\"center\"][color=\"#FF0000\"]Lista bbcode[/color][/align][/size]\r\n\r\n[color=\"#1E90FF\"][header]\\[b\\]\\[/b\\][/header][/color] Coloca un texto en [b]negritas[/b].\r\n[hr]\r\n[color=\"#1E90FF\"][header]\\[i\\]\\[/i\\][/header][/color] Coloca un texto en [i]cursiva[/i].\r\n[hr]\r\n[color=\"#1E90FF\"][header]\\[u\\]\\[/u\\][/header][/color] [u]Subraya[/u] un texto.\r\n[hr]\r\n[color=\"#1E90FF\"][header]\\[s\\]\\[/s\\] o \\[strike\\]\\[/strike\\][/header][/color] [s]Quita[/s] tacha un texto.\r\n[hr]\r\n[color=\"#1E90FF\"][header]\\[hr\\][/header][/color] Coloca una linea horizontal [hr]\r\n\r\n[color=\"#1E90FF\"][header]\\[header\\]\\[/header\\][/header][/color] Crea un \r\nencabezado (como el texto de arriba).\r\n[hr]\r\n[color=\"#1E90FF\"][header]\\[align=\"left\"|\"right\"|\"center\"\\]\\[/align\\][/header][/color][align=\"center\"]Permite alinear un texto a la izquierda, derecha, o centro, respectivamente.[/align]\r\n[hr]\r\n[color=\"#1E90FF\"][header]\\[size=\"num_del_1_al_299\"\\]\\[/size\\][/header][/color][size=\"200\"]El tamaño del texto cambia.[/size]\r\n[hr]\r\n[color=\"#1E90FF\"][header]\\[spoiler\\]\\[/spoiler\\][/header][/color] Crea texto oculto [spoiler]como este[/spoiler].\r\n[hr]\r\n[color=\"#1E90FF\"][header]\\[code\\]\\[/code\\][/header][/color] [code]Útil para una pieza de código.[/code]\r\n\r\n[color=\"#1E90FF\"][header]\\[url=\"direccion\"\\]\\[/url\\] o [url\\]direccion\\[/url\\][/header][/color] Crea un [url=\"http://www.neoadonis.co.cc\"]hipervínculo ^^[/url].\r\n[hr]\r\n[color=\"#1E90FF\"][header]\\[img=\"direccion\"\\][/header][/color] Inserta una imagen:\r\n[img=\"http://www.insysdev.co.cc/codecomm/images/gamaus.gif\"]\r\n[hr]\r\n[color=\"#1E90FF\"][header]\\[color=\"nombre_color_ingles\"\\]\\[/color\\] o \\[color=\"hexadecimal\"\\]\\[/color\\][/header][/color][color=\"red\"]Modifica el color del texto.[/color]\r\n[hr]\r\n[color=\"#1E90FF\"][header]\\[youtube=\"id_video\"\\][/header][/color] Permite insertar un video de YouTube. El id de video se encuentra después del \"v=\". [youtube=\"GdSb5kyKYSQ\"]\r\n\r\nCabe destacar que si sientes que faltan etiquetas, nos avises para ver si se pueden implementar, por cierto todas estas esta habilitadas para creacion de post y mensajes privados.\r\n\r\nEsten al pendiente de los siguientes modulos a aplicar del sistema. Saludos del equipo de CodeComm',1,1,100),(73,'Forma de Evaluación[Bases de datos]',2,11,'2010-06-06 20:44:22','2010-06-06 20:44:22','','[color=\"#FF4500\"][header]Bases de Datos[/header][/color]\r\n\r\n[color=\"#FF0000\"][u][b]Buen día muchachos![/b][/u][/color]\r\n\r\nLes dejo la imagen de la forma de evaluar base de datos\r\npara todos aquellos que aun tengan dudas.\r\n\r\nSale me despido.\r\n\r\nCabe destacar que todo esta en base a competencias, leanlo analizenlo y comenten.\r\n\r\n\r\n\r\nAqui les dejo el link para la descarga.\r\n\r\n[size=\"200\"][url=\"http://www.mediafire.com/?kyegvfnmv1h\"]Evaluacion[/url][/size]\r\n',1,1,100),(75,'Exámenes Química Tercera Evaluación',2,31,'2010-06-08 21:32:20','2010-06-08 21:59:12','','[color=\"#FF0000\"][align=\"center\"][header]Exámenes Quimica[/header][/align][/color]\r\n\r\nque onda aki les dejo los examens de kimica\r\npara k estudien\r\ny se caguen pasando calculo con 7 como yo haha\r\nkamara sale\r\nles dejo el link\r\n\r\n[size=\"200\"][url=\"http://www.mediafire.com/?ny2kjlzlygw\"]Descarga por Mediafire[/url][/size]\r\n\r\n[color=\"#1E90FF\"]por el momento se les despide su amigo pepo27 \r\n[/color]\r\n[color=\"#FF4500\"]Heads I win...Tails You Lose...You\'ll never be more than second best... [/color]\r\n[youtube=\"http://www.youtube.com/watch?v=DeVDiqz5iVY\"]\r\n',1,1,100),(77,'BMX-HARRY MAIN NIKE 6.0',32,35,'2010-06-17 03:46:52','2010-06-17 03:46:52','','[color=\"#FF0000\"]excelente video una buena tecnica[/color]\r\n[youtube=\"http://www.youtube.com/watch?v=P3eVrLYpbD0&feature=sub\"]',1,1,0),(78,'The Best 4 Ever',35,35,'2010-06-18 01:21:18','2010-06-18 01:21:18','','Aqui esta mi primer post, y con esto del mundial me recordo lo hermoso que es el futbol\r\nAsi qe aqi les dejo al mejor jugador del mundo, arriba de C. Ronaldo y L. Messi\r\n[youtube=\"1LxCbhtk7J8\"]\r\n[youtube=\"http://www.youtube.com/watch?v=FNz7n69_CSw&hd=1\"]\r\n[youtube=\"http://www.youtube.com/watch?v=rNy4qTplNKI&hd=1o\"]\r\nYa no es lo mismo Claro, Pero Sique siendo Superior\r\n\r\n\r\n\r\n\r\n[youtube=\"http://www.youtube.com/watch?v=27QFW97YSJY\"]\r\n\r\n',1,1,0),(79,'SEARS SEMANSKY FISICA Y SOLUCIONARIO EN INGLES',32,30,'2010-06-19 02:44:05','2010-06-19 02:44:05','','[color=\"#1E90FF\"]Este libro rifaa!!![/color]\r\nSears y zemansky volumen 1.\r\n[color=\"#FF4500\"]http://www.megaupload.com/?d=VBW0RO3Q (Libro)\r\n\r\nhttp://www.megaupload.com/?d=NEGXN6V0 (Solucionario en ingles)\r\n\r\n[url=\"vinculo\"]http://www.megaupload.com/?d=NEGXN6V0 [/url][url=\"vinculo\"]http://www.megaupload.com/?d=VBW0RO3Q[/url][/color]\r\n[img]http://nngroup.physics.sunysb.edu/~mcgrew/phy126/images/young-freedman.jpg[/img]',1,1,0),(86,'Star Craft II',13,36,'2010-08-04 15:35:23','2010-08-23 19:07:05','null','[img]http://www.darkbytes.net/content/attachments/329-starcraft2_logo-jpg.html?cid=18[/img]\r\n\r\nLlego la hora dela batalla mas importante del universo.\r\n\r\nPor fin despues de una gran espera ha llegado el SC2 simplemente uno de los mejores juegos de estrategia actualmente y en español completamente al precio de 300 pesos mexiacnos aka el trailer chekenlo\r\n\r\n[youtube=\"http://www.youtube.com/watch?v=rgyL08nhtkw&feature=fvst\"]\r\n\r\nSigan esta fantastita historia entre el mal y el bien con Mengesk alfrente y el tan esperado regreso de Jim Raynor\r\n\r\n[code]Muy recomndable para todos aquellos k an jugado el StarCraft 1 y el BroodWar[/code]\r\n\r\nAdemas k incluye el nuevo BattleNet con el k podras juagr con mas gente de tu nievel \r\n\r\n\r\nCOMPRENLO YA\r\n\r\nCapturas\r\n\r\n[img]http://ultimavida.com/files/2009/08/starcraft2.jpg[/img]\r\n\r\n[img]http://www.ingamemagazine.com/wp-content/uploads/2009/08/starcraft-2-battle-report.jpg[/img]\r\n\r\n[img]http://pcmedia.ign.com/pc/image/article/790/790131/starcraft-2-20070519000504591.jpg[/img]\r\n\r\nBueno se despide Medulsed\r\n\r\n',1,1,50),(81,'Panteón Rococó -  A la izquierda de la tierra[Mediafire]',2,33,'2010-07-07 23:56:28','2010-07-07 23:56:28','null','[size=\"200\"][color=\"#FF0000\"]Panteón Rococó -  A la izquierda de la tierra[Mediafire][/color][/size]\r\nPara toda esa raza que le gusta la buena musica, recordando los buenos y viejos tiempos\r\n[align=\"center\"]\r\n[img]http://i234.photobucket.com/albums/ee269/clickyestuyo/PantenRococ-ALaIzquierdaDeLaTierra.jpg[/img][/align]\r\n\r\n\r\n1. No Te C\r\n2. Es Tan Poco El Tiempo\r\n3. La Dosis Perfecta\r\n4. Asesinos\r\n5. La Consentida (Concha)\r\n6. Pecho Tierra\r\n7. Curame\r\n8. La Maquinita\r\n9. Marco\'s Hall\r\n10. Pequeno Tratado De Un Adios\r\n11. Toloache Pa\' Mi Negra\r\n12. Nada Paso\r\n13. La Bruja\r\n14. Borracho (Drunk Steady Beer) \r\n\r\n[align=\"center\"]\r\n[size=\"150\"][url=\"http://www.mediafire.com/?2ienagwottv\"]Descarga aqui[/url][/align][/size]\r\n[align=\"center\"]\r\n[img]http://lh4.ggpht.com/_u2s-fSNojdo/SiR6-Nz_HnI/AAAAAAAAAYQ/R45uoN_pUDU/Deja%20tu%20comentario.png[/img][/align]\r\n',1,1,100),(84,'Winning Eleven 2002 para PSX [PC][Full][1 link]',3027,36,'2010-07-30 01:22:18','2010-07-30 01:22:18','null','Que onda carnales, navegando por ahí me encontré esta antigua joya que yo creo que la mayoría de nosotros jugó alguna vez, y con la que muchos se pasaban horas jugando. \r\nMe refiero al Winning Eleven 2002 para PsOne (Sí, la de los jugadores cuadrados). \r\n\r\nDonde ponías a Roberto Carlos de delantero y te chingabas a todos porque era más rápido que Flash Gordon!!!  \r\n\r\n\r\n[img]http://g.imagehost.org/0549/winning_eleven_2002_351818.jpg[/img] \r\n\r\n\r\n[img]http://ui24.gamefaqs.com/1207/gfs_7023_2_4.jpg[/img] \r\n\r\n\r\n\r\n[img]http://weol.org/grafika/recka_grafa_4.gif[/img] \r\n\r\n\r\nDescarga aquí: \r\n   \r\n[url=\"vinculo\"]http://www.megaupload.com/?d=TDU38XBB[/url] \r\n\r\nAlgo de nostalgia siempre es revitalizante. \r\n\r\nEsta página de mierda rifa más que Batinga! JA! \r\n\r\n\r\n[img]http://i27.tinypic.com/25hczro.jpg[/img] \r\n',1,1,0),(85,'Vinculos para servicios web',2,15,'2010-08-04 14:32:22','2010-08-04 14:39:26','null','[header]Seguridad y servicios web[/header]\r\n\r\naki les dejo la info con respecto a lo de la propuesta tecnica \r\n\r\n\r\n\r\nhttp://webcache.googleusercontent.com/search?q=cache:Oh1s5B9MAugJ:www.conanp.gob.mx/archivos_gef/Formato.DOC+propuesta+economica+ejemplo&cd=3&hl=es&ct=clnk&gl=mx\r\n\r\nhttp://docs.google.com/viewer?a=v&q=cache:ktcJ-f1nND8J:www.enlaceacademico.org/uploads/media/SGPPP_FormatoPresentacionDePropuesta.pdf+propuesta+tecnica+ejemplo&hl=es&gl=mx&pid=bl&srcid=ADGEESiSluNUy_N2u5vGow-oyOFrsfg_cUnInBD5MU0XoqA-LcylN8rD4TKwg6gbVAlg6KrEkBwvaPDuLxCRY_s86LI7oLwmThZTxK6kdCxK725B0s3xx47YMt1vSSuP4NJAhOwteiWQ&sig=AHIEtbSdzMT7mHSlCriESItSOgtwNSQk7w\r\n\r\nhttp://webcache.googleusercontent.com/search?q=cache:Oe-YWknY3moJ:www.fondoindigena.org/proyectos/docs/DescripcionTecnica.doc+propuesta+tecnica&cd=2&hl=es&ct=clnk&gl=mx\r\n\r\n[img]http://subastacodigo.com/wp-content/plugins/wp-o-matic/cache/ba9b5_seqpa_deja-me-un-comentario_ph2.jpg[/img]\r\n\r\naki tambien les dejo el link para mi archivo pdf\r\n\r\n[url=\"http://www.mediafire.com/?k71zrjuma10pft4\"]http://www.mediafire.com/?k71zrjuma10pft4[/url]\r\n\r\nChivas a la final! buen dia\r\n',1,0,0),(88,'Panty & Stockings with Garterbelt',1,35,'2010-10-19 01:47:57','2010-10-19 01:57:09','null','Facebook no me deja postear el vínculo de mi blog. Así que lo haré aquí. ^^\r\n\r\n[youtube=\"nEpy0znKHWs\"]\r\n\r\n[url=\"http://blog.neoadonis.co.cc/2010/10/panty-stockings-with-garterbelt.html\"]¡Lean mi blog![/url]\r\n',1,0,0),(87,'bmx-dakota roche stay fit',32,33,'2010-08-19 12:51:03','2010-08-19 20:26:24','null','[youtube=\"http://www.youtube.com/watch?v=gzJxXXZO1Rk\"]\r\n[color=\"#1E90FF\"]misifusmisifusmisifusmisifusmisifusmisifusmisifusmisifusmisifusmisifusmisifusmisifusmisifusmisifusmisifusmisifusmisifusmisifusmisifusmisifusmisifusmisifusmisifusmisifusmisifusmisifusmisifusmisifusmisifusmisifusmisifusmisifusmisifusmisifusmisifusmisifusmisifusmisifusmisifusmisifusmisifusmisifusmisifusmisifusmisifusmisifusmisifusmisifusmisifusmisifus[/color]',1,1,0),(89,'U.U nostalgia haha xD',2,2,'2010-10-23 01:12:46','2010-10-23 01:12:46','null','recordando codecomm... pronto haremos madres mas lindas ^^ solo que tengamos tiempo Neo Adonis, y pepo27 :P',0,0,0);
/*!40000 ALTER TABLE `MPost` ENABLE KEYS */;
UNLOCK TABLES;

--
-- Table structure for table `MUsuario`
--

DROP TABLE IF EXISTS `MUsuario`;
SET @saved_cs_client     = @@character_set_client;
SET character_set_client = utf8;
CREATE TABLE `MUsuario` (
  `id_user` int(11) NOT NULL auto_increment,
  `nom_user` varchar(100) NOT NULL,
  `ap_user` varchar(200) NOT NULL,
  `nick_user` varchar(20) NOT NULL,
  `nac_user` date default NULL,
  `email_user` varchar(254) NOT NULL,
  `id_dom` int(11) default NULL,
  `id_pais` char(2) NOT NULL,
  `pass_user` varchar(100) NOT NULL,
  `reg_user` datetime NOT NULL,
  `id_tipo` int(11) NOT NULL,
  `bans_user` tinyint(4) NOT NULL,
  `fecban_user` datetime default NULL,
  `id_skin` int(11) NOT NULL,
  `id_perfil` tinyint(1) NOT NULL default '1',
  `avatar_user` varchar(255) default NULL,
  `vernom_user` tinyint(1) NOT NULL,
  `vernac_user` tinyint(1) NOT NULL,
  `veremail_user` tinyint(1) NOT NULL,
  PRIMARY KEY  (`id_user`),
  UNIQUE KEY `nick_user` (`nick_user`),
  KEY `id_dom` (`id_dom`),
  KEY `id_pais` (`id_pais`),
  KEY `id_tipo` (`id_tipo`),
  KEY `id_skin` (`id_skin`)
) ENGINE=MyISAM AUTO_INCREMENT=3034 DEFAULT CHARSET=utf8;
SET character_set_client = @saved_cs_client;

--
-- Dumping data for table `MUsuario`
--

LOCK TABLES `MUsuario` WRITE;
/*!40000 ALTER TABLE `MUsuario` DISABLE KEYS */;
INSERT INTO `MUsuario` VALUES (1,'Adonais','Romero González','Neo Adonis','1993-09-08','adonnas',1,'MX','482649bf42c5a30599281b510e25ba7fe9ded5c826caf98d2ed2c9d4e57e964e','0000-00-00 00:00:00',3,0,'0000-00-00 00:00:00',4,1,'',1,0,0),(2,'Juan Alberto','Reséndiz Arteaga','pepo27','1993-06-29','beto_2906',1,'MX','6d998d05e10374e6a311762a9b4237a821f138bfed5a9870d3d6588ef4f50e29','0000-00-00 00:00:00',3,0,'0000-00-00 00:00:00',1,3,'pepo27.gif',0,0,1),(3,'Reperawin','','Reperawin','1993-07-29','reperawin',1,'MX','f682e591124555fc90fad0ed36a3092e0ba25ca3a81949d62ddd5356ea690029','0000-00-00 00:00:00',1,0,NULL,1,1,NULL,1,0,0),(10,'Jesus','Sanchez Mendez','JAJA','1993-08-13','starwarssanmen2',1,'MX','81cc9d7834f43096161b38abf03d7dbb3ba90a36c06381a04e6e4455356dfeec','0000-00-00 00:00:00',1,0,NULL,3,1,'JAJA.the-junkyard.net_images_characters_halo2_grunt.jpg_SPLASH.jpg',0,0,0),(5,'Fabian','Gonzalez','fabiango','1976-01-12','fabian_gzl43',3,'BZ','1ca62b3794dc6b76e05d0193ccfa7d07c6e4ed4668b6e30208df6b3f78b44218','0000-00-00 00:00:00',1,1,'2010-05-17 16:12:43',2,1,'fabiango.jpg',0,0,0),(6,'Ethan','Jimenez','ErosEthan','1993-09-11','ethan',1,'MX','0478ef1231a93780dd263c0edb2b5aba67cb7a442a710717e118abc8464209e7','0000-00-00 00:00:00',1,1,'2010-05-14 17:18:55',1,1,NULL,0,0,0),(7,'Diego','Caneles','EgOmAnIaC','1993-01-19','diego_1993_1901',1,'MX','4a41cbfada43634636909b301682bf5de7ba5b8c8c181d42de0faefd17f60159','0000-00-00 00:00:00',1,0,NULL,1,1,NULL,0,0,0),(8,'rafael','cardenas','elessar93','1193-05-15','rcardenas93',1,'MX','794fa1fb4bbad3f8d9a12c49787f22132243ff48973a406555c4034b100c67e2','0000-00-00 00:00:00',1,0,NULL,1,1,'elessar93.jpg',1,1,1),(19,'Othoniel','Herrer','magistereofner','1992-12-04','ryan_soldier10',1,'MX','59a7f544c2d9a02beab24522063a7f9f317dad622b5ec69dabf4bc184e483fa3','0000-00-00 00:00:00',1,0,NULL,4,1,NULL,0,0,0),(12,'Eduardo Gamaliel','Jiménez García','EG310893','1985-08-31','eduardo310893',1,'MX','f9bc9f654c495ca1b75ba6ba626c3c903fcd5a8d5347c34a0acf53b2a9146f11','0000-00-00 00:00:00',2,1,'2010-08-23 19:28:46',4,3,'EG310893.jpg',1,1,1),(13,'Yang','Silva Neri','Medulsed','1993-03-10','yuren_123',1,'MX','270ab5489368abbaa13d5b0da884ed9acd7adec47fcca04aeafc76b86ec9a9fd','0000-00-00 00:00:00',2,0,NULL,1,3,'Medulsed.jpg',1,0,0),(34,'TOTE','jaja','TOTE','1996-02-29','tote',2,'LK','4dccf24350ed13f97ebf2257a7e73369b352c1d13b1eb267e2970ed0ec03b6ce','0000-00-00 00:00:00',1,0,NULL,1,1,'TOTE.JPG',0,0,0),(14,'Daniel','Espinosa','DEA','1992-10-11','espinosaariasdaniel',1,'MX','2a13afb150068fea66fd9c3d51afffd701bf5293066d79c174097972b533668e','0000-00-00 00:00:00',1,0,NULL,4,1,'DEA.jpeg',0,0,0),(15,'Drako','Medina','Drako','1993-02-04','blackdrako013',1,'MX','c120c30f26b0de72ea37155fe9037adb9de3e051dd8e3b38183238f6aa564711','0000-00-00 00:00:00',1,0,NULL,3,1,NULL,1,1,1),(17,'Aldo','Marín Torres','Aldinho','1993-09-16','minina_1609',1,'MX','324549f31450cd68daeb498ae667307161c92819381cfb07a32254183cb372ed','0000-00-00 00:00:00',1,0,NULL,1,1,NULL,0,0,0),(18,'Sebastián','Yáñez','SEBAS CJ','1993-02-18','seycchang',1,'MX','1242933a7ecab930f8c0ec33af4356a079224fea16721f4bc23cbc83993dc119','0000-00-00 00:00:00',1,0,NULL,4,1,NULL,0,0,0),(28,'pedrito','rodriguez','pedrito','1993-03-15','juliocesar_12',1,'MX','faa78cef0b42ed3e1ccdbe137982effc4363699c46e6ae554b97ff95c4902155','0000-00-00 00:00:00',1,0,NULL,4,1,NULL,0,0,0),(27,'Yuren','Silva Neri','Gafter','1997-01-16','vysn_123',1,'MX','9c094e2679757024859d64960cffd813c56f5352391c2c84427f3918e35d7a04','0000-00-00 00:00:00',1,0,NULL,1,1,'Gafter.tiff',0,0,0),(33,'adolfo','lopez','gama','2006-05-17','gamarin4im8',3,'AR','826629b6d35c5f0a32214ce2a24e5f8ed906349c309c44d52438dec146a942cb','0000-00-00 00:00:00',1,0,NULL,2,1,NULL,0,0,0),(32,'emmanuel','marin','misifus','1993-09-17','emmanuel_mani',1,'MX','3260792b0006b4ea7621a0edc7f190e503d9858764e6b416ab1a4ed34afadfbd','0000-00-00 00:00:00',1,0,NULL,3,2,'misifus.jpg',1,1,1),(30,'Martha Patricia','Ruiz Rocha','crazy miss','1956-02-07','dainiznorei7',1,'MX','7659f9eeceae34404d30de497603909f6fa297b5ffa3e72e4914673e472604b8','0000-00-00 00:00:00',1,0,NULL,1,1,NULL,0,0,0),(31,'abril','serratos','april lee','1994-02-25','abrilste_94',1,'MX','39a4a59e193ce4dbaa319d7698ccb427139d633817d2c37e7f6d08390e380903','0000-00-00 00:00:00',1,0,NULL,4,1,'april lee.jpg',0,0,0),(35,'Israel','Garcia','young-714','1993-03-31','yia_tkma',1,'AO','eba74d5276005ed9aaf9ce6c9554e8594cbebe5d42633266f98ae47de06a7a1f','0000-00-00 00:00:00',1,0,NULL,4,1,'young-714.jpg',0,0,1),(36,'oscar','leonardo','leonardo','1993-09-12','oscarone_2008',1,'MX','43c6dad061175a03ea104dc6cac9113dfc82001b5f8d8218b4660ef09590d0bf','0000-00-00 00:00:00',1,0,NULL,1,1,NULL,0,0,0),(37,'Mario','Ruiz','Baby_batiz','1993-01-19','phantom91_m',1,'MX','75e03f9ccaf5c8b594259ffb42cafd656e38c4ca3b5b4762d654b5216f502193','0000-00-00 00:00:00',1,0,NULL,1,1,NULL,0,0,0),(38,'Nayelli','Pérez Corona','nayz','1992-04-14','naye_dino',1,'MX','1087e295400d7281344409a07757e90f2ea30ddb2ede5cd1929f6a510596e273','0000-00-00 00:00:00',1,0,NULL,1,1,NULL,0,0,0),(3021,'Mariana Dolores','Cordova Perez','lola','1992-10-27','lola_das',1,'MX','ffd9e35531bd9a2dbedd54b72580b4aee8142de9d2b3eb11b2b322a9dcdc2945','0000-00-00 00:00:00',1,0,NULL,1,1,NULL,0,0,0),(3020,'Yang','Silva Neri','Chimpacesar','1993-01-01','malcom_hades',1,'TV','3829a5f7483372ed3c91b195b48e17142d79f43601e6a41d32f7de36bee37d36','0000-00-00 00:00:00',1,0,NULL,1,1,'Chimpacesar.jpg',0,0,0),(3019,'Come','Galletas','Batinga.net','1993-09-11','batinga',1,'MX','e1121dfcd61a05aa54e4deec8cc2f46009f269290129f583cb315f3d540ef0c0','0000-00-00 00:00:00',1,0,NULL,3,1,'Batinga.net.jpg',0,0,0),(3018,'josue','neri peña','josurerr','1994-04-27','newlive_staragain',7,'MX','84a86c869dcca3fcf2f86289c9ad48307e638e371acdb704f7642f96d73d8264','0000-00-00 00:00:00',1,0,NULL,1,2,'josurerr.jpg',1,0,1),(3017,'Julio César','Gutiérrez Martínez','yoshi_island','1993-11-07','trailer-1209',1,'MX','77359966f5efaeff6a5f732d740885d583dc5ba07fe8c032155f965082888441','0000-00-00 00:00:00',1,0,NULL,4,1,'yoshi_island.gif',0,0,0),(3016,'ISAAC','MATEHUALA ROSAS','MAX','1997-01-10','MAX_SUPER_15',1,'MX','e1bfca103d1c9644ab80e9fd19b063595fd3a8227498de44673a4a82f4c30599','0000-00-00 00:00:00',1,0,NULL,1,1,NULL,0,0,0),(3015,'diana','resendiz','minerva','1986-12-28','diana_minerva28',2,'MX','8f16b31ec23183066c8f07f2e30ba0a868fae6dd6a5e48a69225f141757e1623','0000-00-00 00:00:00',1,0,NULL,1,1,NULL,0,0,0),(3014,'julio','roa','roa','1982-09-15','jroareyes',3,'MX','6d47f2995c7cb24fa81cb7eb5672078b97860cf3df0b362fa00ebbfedb5faa90','0000-00-00 00:00:00',1,0,NULL,4,1,NULL,0,0,0),(3013,'josé carlos','reyes jaramillo','MURDOC VON RUSSELL','1994-06-07','dark-fierce-deity-link',1,'MX','9b45ad6156a6f42bae30597c323308dd261bff0c6e98a62f93c8a3b7ccf040c7','0000-00-00 00:00:00',1,0,NULL,3,1,'MURDOC VON RUSSELL.gif',0,0,0),(3012,'josue','neri peña','josurer','1994-04-27','super_genio',1,'MX','450c43bc262a347d631ae4852bd0b15e708ca44e734c786db49e3cc5806584e4','0000-00-00 00:00:00',1,0,NULL,2,1,NULL,0,0,0),(3011,'Oscar','Lira Velazquez','oscar5555ful','1993-06-15','oscar_happypollo',1,'MX','9e45d586b6656520c4d0cc9ab43283004ade58da0c33f07e5e8684fdee39b66e','0000-00-00 00:00:00',1,0,NULL,2,1,NULL,0,0,0),(3009,'Oscar','Gonzalez','OMY','1993-10-31','legendofthewind_fenix',1,'MX','93375fe736365f917c4907b6258f0f2b213680038634081c9ab4c43c4ec32ce1','0000-00-00 00:00:00',1,0,NULL,1,1,'OMY.gif',0,0,0),(3003,'Alma Rosa','Gonzalez Salazar','ideafix','1989-10-21','alma_cf',1,'MX','1f6f24ede2d8eedf0ecb6dcd97f22a2520b9cbbcd3c47c9ea5cc66bd769a0845','0000-00-00 00:00:00',1,0,NULL,3,1,NULL,0,0,0),(3004,'Gilberto','Stankiewicz','kiewic','1987-03-10','kiewic',3,'AN','5ca8b50efef3bb6fed3563e2583ef91700f4650f647ab4757fcd6b1ea9654f5d','0000-00-00 00:00:00',1,0,NULL,1,1,NULL,0,0,0),(3005,'Huesos','12346787','King_Bardock','3150-05-12','mama_lois',1,'MX','3f3056cef20e758e61bcdf4c17012dc9edb4a7e6aa4612b9ef8af962d3fb1ff7','0000-00-00 00:00:00',1,0,NULL,1,1,NULL,0,0,0),(3006,'rosa','gallegos','ochi','1970-09-07','asdf',1,'MX','da7e81a1c629d43d3adf179c12c662f8a2a98151b95adcf191e2561bd7137989','0000-00-00 00:00:00',1,0,NULL,1,1,NULL,0,0,0),(3010,'mario','moreno','palencia','1993-12-02','puma_mmm',1,'MX','697cf4f085555de5dad2ad4a2c4369e281e1cc171084789147db2d2caed69ef0','0000-00-00 00:00:00',1,0,NULL,4,1,'palencia.jpg',0,0,0),(3007,'xx','ee','victor','3150-09-16','emmanuel_hola',1,'AU','bf133bf3e813c5dea651fa5e6236a8e43c5b2616bbc6e51df5f9bb7f47baf4b9','0000-00-00 00:00:00',1,0,NULL,4,1,NULL,0,0,0),(3008,'angel','nicasio','angel_nick','1980-02-13','angel_nick90',1,'DE','eaf0cc487442ed894038fa1e08ed9a50699c8da6cbea5fbd269184443888fc42','0000-00-00 00:00:00',1,0,NULL,4,1,NULL,0,0,0),(3023,'David','Leon','Yuusuke Oguri','1993-09-25','YuusukeOguri',1,'MX','071b72674bfc0302d02af81d3ca5e51d01b4293ef4f2efb36d9c9c76b3483a8b','2010-05-28 01:22:23',1,0,NULL,3,1,'Yuusuke Oguri.gif',0,0,0),(3024,'Esau','Alvarez','UuU','1993-09-22','esau_israel_toluca',1,'MX','2dd04187f3198836d3aec67fa4ad42e671b30fdf7965f4c4ee362addd5e09ff7','2010-05-28 15:19:10',1,0,NULL,1,1,NULL,0,0,0),(3025,'Bojorges','Bojorges','iori7','1993-05-27','iori7_27',1,'MX','879f29f0d4531633ce9ce315f60dea6c52e3974a6242d2d05a765ddadbfe58a2','2010-05-28 15:29:53',1,0,NULL,1,1,NULL,0,0,0),(3026,'as','ygf','Pepe27','1999-12-14','ilikechimpas',2,'AT','29e1e47f3473eb2fc2004c3555d415581b81207f4679804c5760affa6aff280a','2010-05-28 15:32:57',1,1,'2010-05-28 15:33:20',1,1,NULL,0,0,0),(3027,'yo','sin ape','FivePesos.com','1990-03-14','amdgajsdu',4,'ZM','12af637e4d16db79ae1aa0317d553bd684f4c531dab7a8335a69d46d36488bd5','2010-05-28 15:38:13',1,0,NULL,1,1,'FivePesos.com.png',0,0,0),(3028,'Cesar','Hernandez Tavera','Rasec','1993-09-09','insysdev',3,'MX','36f32f2346188ea7d7d863b883eb9b59b74baafa3d16a2a479cac4cfa95d1a09','2010-05-31 12:45:49',1,0,NULL,2,1,'Rasec.jpg',0,1,0),(3029,'pancracio','martinez','pancracio25','1992-03-21','anakin12',1,'MX','967739d5388884be81031b43fc4f911a24a5a5889386fc679ac1d3161b4fbf48','2010-05-31 23:27:27',1,0,NULL,1,1,NULL,1,1,1),(3030,'Ethan','Jimenez','Ethansito','1993-09-11','ethanjiji',1,'MX','abae17211b70a07c4bf643de512e0a4ea159b82f77c058ea64452191ff706de5','2010-06-06 19:52:59',1,1,'2010-08-19 20:34:10',1,1,NULL,0,0,0),(3031,'Alejandro','Ortiz','Alex','1993-04-22','holaalex2204',1,'MX','ca82e66c489f641f4653ae4e7794765918dfffee7f53241cfe5d92163ee1be8e','2010-06-08 22:42:47',2,0,NULL,1,1,'Alex.jpg',1,1,0),(3032,'Uriel','Yañez','Uriel','1992-10-29','urielya',1,'MX','d9226eb7397e871f444a6612af3b68212554657404b68f10ce5dd4532b009c2c','2010-06-17 21:01:46',1,0,NULL,2,3,NULL,0,0,0),(3033,'yOpI','HBG','yOpI HBG','1993-05-04','angy_barcam',1,'MX','422209b2af04438b69cf19d4ca067326f890e2eff6d466c88198c4b8583925b7','2010-06-23 02:42:14',1,0,NULL,2,2,'yOpI HBG.jpg',0,0,0);
/*!40000 ALTER TABLE `MUsuario` ENABLE KEYS */;
UNLOCK TABLES;

--
-- Table structure for table `tadmin`
--

DROP TABLE IF EXISTS `tadmin`;
SET @saved_cs_client     = @@character_set_client;
SET character_set_client = utf8;
CREATE TABLE `tadmin` (
  `id_admin` int(11) NOT NULL auto_increment,
  `name_admin` varchar(20) NOT NULL,
  `pass_admin` varchar(20) NOT NULL,
  `type_admin` smallint(6) NOT NULL,
  PRIMARY KEY  (`id_admin`),
  UNIQUE KEY `name_admin` (`name_admin`)
) ENGINE=MyISAM AUTO_INCREMENT=3 DEFAULT CHARSET=utf8;
SET character_set_client = @saved_cs_client;

--
-- Dumping data for table `tadmin`
--

LOCK TABLES `tadmin` WRITE;
/*!40000 ALTER TABLE `tadmin` DISABLE KEYS */;
INSERT INTO `tadmin` VALUES (1,'Adonais','pass',2),(2,'pepo27','pass',2);
/*!40000 ALTER TABLE `tadmin` ENABLE KEYS */;
UNLOCK TABLES;

--
-- Table structure for table `tcategory`
--

DROP TABLE IF EXISTS `tcategory`;
SET @saved_cs_client     = @@character_set_client;
SET character_set_client = utf8;
CREATE TABLE `tcategory` (
  `id_cat` int(11) NOT NULL auto_increment,
  `name_cat` varchar(25) NOT NULL,
  PRIMARY KEY  (`id_cat`),
  UNIQUE KEY `name_cat` (`name_cat`)
) ENGINE=MyISAM AUTO_INCREMENT=3 DEFAULT CHARSET=utf8;
SET character_set_client = @saved_cs_client;

--
-- Dumping data for table `tcategory`
--

LOCK TABLES `tcategory` WRITE;
/*!40000 ALTER TABLE `tcategory` DISABLE KEYS */;
INSERT INTO `tcategory` VALUES (1,'Otros'),(2,'Interfonos');
/*!40000 ALTER TABLE `tcategory` ENABLE KEYS */;
UNLOCK TABLES;

--
-- Table structure for table `tdefault`
--

DROP TABLE IF EXISTS `tdefault`;
SET @saved_cs_client     = @@character_set_client;
SET character_set_client = utf8;
CREATE TABLE `tdefault` (
  `id_cat` int(11) NOT NULL,
  `id_mark` int(11) NOT NULL,
  UNIQUE KEY `id_cat` (`id_cat`,`id_mark`)
) ENGINE=MyISAM DEFAULT CHARSET=utf8;
SET character_set_client = @saved_cs_client;

--
-- Dumping data for table `tdefault`
--

LOCK TABLES `tdefault` WRITE;
/*!40000 ALTER TABLE `tdefault` DISABLE KEYS */;
INSERT INTO `tdefault` VALUES (1,1);
/*!40000 ALTER TABLE `tdefault` ENABLE KEYS */;
UNLOCK TABLES;

--
-- Table structure for table `tmark`
--

DROP TABLE IF EXISTS `tmark`;
SET @saved_cs_client     = @@character_set_client;
SET character_set_client = utf8;
CREATE TABLE `tmark` (
  `id_mark` int(11) NOT NULL auto_increment,
  `name_mark` varchar(20) NOT NULL,
  `url_mark` varchar(255) default NULL,
  PRIMARY KEY  (`id_mark`),
  UNIQUE KEY `name_mark` (`name_mark`)
) ENGINE=MyISAM AUTO_INCREMENT=4 DEFAULT CHARSET=utf8;
SET character_set_client = @saved_cs_client;

--
-- Dumping data for table `tmark`
--

LOCK TABLES `tmark` WRITE;
/*!40000 ALTER TABLE `tmark` DISABLE KEYS */;
INSERT INTO `tmark` VALUES (1,'Otra',NULL),(2,'Phillips','http://www.phillips.com.mx'),(3,'TESA',NULL);
/*!40000 ALTER TABLE `tmark` ENABLE KEYS */;
UNLOCK TABLES;

--
-- Table structure for table `tproduct`
--

DROP TABLE IF EXISTS `tproduct`;
SET @saved_cs_client     = @@character_set_client;
SET character_set_client = utf8;
CREATE TABLE `tproduct` (
  `id_prod` int(11) NOT NULL auto_increment,
  `name_prod` varchar(255) NOT NULL,
  `key_prod` varchar(10) default NULL,
  `id_mark` int(11) NOT NULL,
  `id_cat` int(11) NOT NULL,
  `price_prod` decimal(7,2) NOT NULL,
  `img_prod` varchar(20) default NULL,
  `date_prod` datetime NOT NULL,
  PRIMARY KEY  (`id_prod`),
  KEY `id_mark` (`id_mark`),
  KEY `id_cat` (`id_cat`)
) ENGINE=MyISAM AUTO_INCREMENT=6 DEFAULT CHARSET=utf8;
SET character_set_client = @saved_cs_client;

--
-- Dumping data for table `tproduct`
--

LOCK TABLES `tproduct` WRITE;
/*!40000 ALTER TABLE `tproduct` DISABLE KEYS */;
INSERT INTO `tproduct` VALUES (1,'Prueba','ABC-123',1,1,'123.45','1.jpg','2010-06-23 01:02:50'),(2,'ceerradura','715',2,1,'100.00','2.gif','2010-06-23 19:54:30'),(3,'cerradura','12345',1,1,'0.00',NULL,'2010-07-06 23:03:12'),(4,'Llave','',1,1,'200.00','4.jpg','2010-07-08 14:53:12'),(5,'Intefono','',1,2,'150.00','5.jpg','2010-07-08 14:59:49');
/*!40000 ALTER TABLE `tproduct` ENABLE KEYS */;
UNLOCK TABLES;
/*!40103 SET TIME_ZONE=@OLD_TIME_ZONE */;

/*!40101 SET SQL_MODE=@OLD_SQL_MODE */;
/*!40014 SET FOREIGN_KEY_CHECKS=@OLD_FOREIGN_KEY_CHECKS */;
/*!40014 SET UNIQUE_CHECKS=@OLD_UNIQUE_CHECKS */;
/*!40101 SET CHARACTER_SET_CLIENT=@OLD_CHARACTER_SET_CLIENT */;
/*!40101 SET CHARACTER_SET_RESULTS=@OLD_CHARACTER_SET_RESULTS */;
/*!40101 SET COLLATION_CONNECTION=@OLD_COLLATION_CONNECTION */;
/*!40111 SET SQL_NOTES=@OLD_SQL_NOTES */;

-- Dump completed on 2010-12-15  0:59:54
